test,start,end,ann_ret,SR,t,MDD,SR2025,ann2025,by_year,time_in,switches
A BTC Binance carry always-on,2020-01-01,2026-06-30,0.0793041873015873,8.411776644079378,21.44816634965762,-0.014817626791276073,14.730694096028634,0.034275360000000005,2020:11%/7.7 2021:20%/13.8 2022:3%/5.8 2023:5%/14.2 2024:8%/15.3 2025:3%/14.7 2026:1%/2.5,1.0,0.0
A BTC Binance carry enter>5% exit<0%,2020-01-01,2026-06-30,0.0734026843657817,7.494481867236188,19.10926794592355,-0.009983279294817793,8.915937755321234,0.029048860000000003,2020:11%/7.5 2021:20%/13.4 2022:1%/1.3 2023:5%/11.9 2024:8%/14.1 2025:3%/8.9 2026:0%/0.7,0.7992413599325653,36.0
A BTC Binance carry enter>10% exit<5%,2020-01-01,2026-06-30,0.061582492372524215,6.556625413467735,16.71794182260287,-0.008263889512460931,4.493042884655191,0.011646693333333333,2020:10%/7.2 2021:20%/13.3 2022:-0%/-0.4 2023:2%/4.7 2024:7%/11.4 2025:1%/4.5 2026:0%/nan,0.4525147513346446,36.0
A BTC Binance carry enter>20% exit<10%,2020-01-01,2026-06-30,0.04755447644332069,5.344131243964593,13.626350385281777,-0.007207200825651072,,0.0,2020:9%/6.6 2021:18%/11.9 2022:0%/nan 2023:0%/1.8 2024:4%/6.7 2025:0%/nan 2026:0%/nan,0.2051137960101152,18.0
B Bybit XS carry top5 reb1d thr0%,2023-01-02,2025-05-16,-0.10489475838924946,-1.131726787598175,-1.7432276644205953,-0.2528084858881401,-2.318003004403056,-0.3156880399980562,2023:-3%/-0.8 2024:-10%/-0.9 2025:-32%/-2.3,,
B Bybit XS carry top5 reb1d thr10%,2023-01-02,2025-05-16,-0.09845380446759364,-1.0631134625082033,-1.6375408080561158,-0.2497784362212967,-2.3089822869229617,-0.31440627854404746,2023:-2%/-0.5 2024:-10%/-0.9 2025:-31%/-2.3,,
B Bybit XS carry top5 reb7d thr0%,2023-01-02,2025-05-16,-0.044749425170171275,-0.43706013884649475,-0.673214890203015,-0.15614128717722564,-2.283621621481789,-0.3461812229980114,2023:0%/0.0 2024:2%/0.2 2025:-35%/-2.3,,
B Bybit XS carry top5 reb7d thr10%,2023-01-02,2025-05-16,-0.042913519134879584,-0.4196136284405519,-0.6463415848076497,-0.1540892253755377,-2.2776825885549736,-0.3452756065148997,2023:0%/0.1 2024:2%/0.2 2025:-35%/-2.3,,
B Bybit XS carry top10 reb1d thr0%,2023-01-02,2025-05-16,-0.02889147792825157,-0.49670789740295673,-0.7650918555410691,-0.09769469829452304,-1.7314095037257333,-0.14894693851470078,2023:-2%/-0.8 2024:0%/0.1 2025:-15%/-1.7,,
B Bybit XS carry top10 reb1d thr10%,2023-01-02,2025-05-16,-0.010944438177124304,-0.1889374836910955,-0.29102522978653217,-0.0815917002036507,-1.525498086459291,-0.13117427071511076,2023:0%/0.0 2024:2%/0.3 2025:-13%/-1.5,,
B Bybit XS carry top10 reb7d thr0%,2023-01-02,2025-05-16,0.005886309129050532,0.10117123608677855,0.1558366378906626,-0.06685298063884071,-1.7661005845936675,-0.15786231771747658,2023:1%/0.5 2024:6%/0.9 2025:-16%/-1.8,,
B Bybit XS carry top10 reb7d thr10%,2023-01-02,2025-05-16,0.009959038005256457,0.17200322080459132,0.26494095232326303,-0.0655373547235687,-1.6814388517979482,-0.1500358610936809,2023:1%/0.6 2024:7%/1.0 2025:-15%/-1.7,,
E Bybit perps mom7d L/S top30,2023-01-30,2025-05-12,0.21233801309796663,0.47664383303499297,0.7240739606882876,-0.4001096220949091,2.3099315438386334,1.0800645608330282,2023:-35%/-0.8 2024:41%/0.9 2025:108%/2.3,,
E Bybit perps mom7d long-leg minus EW (gross of costs),2023-01-30,2025-05-12,0.6156402885239407,1.0295199204185088,1.5639530289070014,-0.4121666473060239,0.6157101334494849,0.3836784893481068,2023:15%/0.3 2024:112%/1.8 2025:38%/0.6,,
E Bybit perps rev7d L/S top30,2023-01-30,2025-05-12,-0.3815980130979668,-0.8562387407830571,-1.3007200206197234,-0.7248593475141518,-2.655891466206302,-1.2438645608330285,2023:18%/0.4 2024:-58%/-1.3 2025:-124%/-2.7,,
E Bybit perps rev7d long-leg minus EW (gross of costs),2023-01-30,2025-05-12,0.02170426232800759,0.04224671328380457,0.06417736450860806,-0.7230696655141994,-3.3770506798503868,-1.94025063231795,2023:68%/1.3 2024:13%/0.3 2025:-194%/-3.4,,
E Bybit perps mom28d L/S top30,2023-02-06,2025-05-12,0.2947528596219356,0.6332125453374007,0.9579025281747666,-0.36569724818640315,1.4645866339567128,0.7445340197823712,2023:12%/0.3 2024:29%/0.6 2025:74%/1.5,,
E Bybit perps mom28d long-leg minus EW (gross of costs),2023-02-06,2025-05-12,0.2591371180411401,0.36175151813047046,0.5472454649545779,-0.4510514077090142,-0.19567086499054137,-0.14308267840605732,2023:41%/0.7 2024:27%/0.3 2025:-14%/-0.2,,
E Bybit perps lowfund7d L/S top30,2023-01-30,2025-05-12,-0.5055080450179452,-1.1218896439439774,-1.7042727119183159,-0.8062429467730884,-1.3927709823932541,-0.8513355869380911,2023:-105%/-2.6 2024:12%/0.3 2025:-85%/-1.4,,
E Bybit perps lowfund7d long-leg minus EW (gross of costs),2023-01-30,2025-05-12,-0.2934331870922062,-0.5885792557615506,-0.8941160744377924,-0.646783883473858,-0.41117775889328506,-0.2733081854639939,2023:-93%/-2.6 2024:27%/0.5 2025:-27%/-0.4,,
C HL perps mom7d L/S top30,2023-07-03,2026-02-23,-0.08362625668125118,-0.22325928071657666,-0.3650188138782807,-0.684791122515569,1.5823675593357691,0.48566940492054195,2023:-86%/-2.1 2024:-41%/-1.0 2025:49%/1.6 2026:89%/2.1,,
C HL perps mom7d long-leg minus EW (gross of costs),2023-07-03,2026-02-23,-0.03562433287519075,-0.08359221666485864,-0.13666948884959582,-0.6446181053340401,1.0995039352297706,0.4138186192965707,2023:-71%/-1.7 2024:-42%/-0.9 2025:41%/1.1 2026:179%/3.7,,
C HL perps rev7d L/S top30,2023-07-03,2026-02-23,-0.07159873132834128,-0.19144534535136298,-0.3130044702212631,-0.6649377726996458,-2.0788612063707284,-0.6370360715872087,2023:70%/1.7 2024:25%/0.6 2025:-64%/-2.1 2026:-102%/-2.4,,
C HL perps rev7d long-leg minus EW (gross of costs),2023-07-03,2026-02-23,-0.023596807522280605,-0.05473796165578696,-0.08949408854843925,-0.6893241421157865,-1.9147962129208236,-0.7088868572111796,2023:86%/1.6 2024:23%/0.6 2025:-71%/-1.9 2026:-12%/-0.3,,
C HL perps mom28d L/S top30,2023-07-10,2026-02-23,0.2207615835818556,0.7079459426482212,1.1532885185438775,-0.30308534814342236,1.9164970618901285,0.5831786874411922,2023:1%/0.0 2024:12%/0.4 2025:58%/1.9 2026:-83%/-3.5,,
C HL perps mom28d long-leg minus EW (gross of costs),2023-07-10,2026-02-23,0.08993504261713695,0.21813454601830332,0.35535491096909444,-0.3988219239752857,0.4575609916768064,0.1639445449156239,2023:43%/1.4 2024:3%/0.1 2025:16%/0.5 2026:-107%/-3.1,,
C HL perps lowfund7d L/S top30,2023-07-03,2026-02-23,0.03539397264923886,0.1053915565502016,0.17231042239886607,-0.571962061262593,0.3972990538586377,0.14121153832069935,2023:20%/0.7 2024:-9%/-0.3 2025:14%/0.4 2026:-33%/-1.1,,
C HL perps lowfund7d long-leg minus EW (gross of costs),2023-07-03,2026-02-23,0.09572223240363753,0.28238023999650264,0.46167890506212916,-0.5216015981715496,0.4488772804445745,0.16279954454989948,2023:9%/0.3 2024:8%/0.2 2025:16%/0.4 2026:-21%/-0.7,,
"C HL funding-only carry top10 >10% (NO basis, NO fees: upper bound)",2023-07-02,2026-03-01,0.18697051011427107,15.601306671006828,25.485550557069725,-0.001628754780000019,20.91427668113732,0.10775227367333334,2023:21%/14.0 2024:28%/20.0 2025:11%/20.9 2026:5%/27.5,,
D Binance spot mom7d L/S top50,2018-06-25,2021-02-15,0.19112533716073604,0.44819169622203153,0.7327731273699913,-0.5133856331857556,,,2018:-14%/-0.2 2019:-11%/-0.3 2020:44%/1.2 2021:188%/2.2,,
D Binance spot mom7d long-leg minus EW (gross of costs),2018-06-25,2021-02-15,0.3959656584390241,0.7241733712905818,1.1839906685281072,-0.3659866654431887,,,2018:34%/0.6 2019:15%/0.3 2020:56%/1.1 2021:129%/1.1,,
D Binance spot rev7d L/S top50,2018-06-25,2021-02-15,-0.5112314465589317,-1.1997930600723679,-1.9616073216816186,-0.8170546251520505,,,2018:-17%/-0.3 2019:-22%/-0.7 2020:-76%/-2.1 2021:-218%/-2.6,,
D Binance spot rev7d long-leg minus EW (gross of costs),2018-06-25,2021-02-15,-0.3063911252806436,-0.6684012971604457,-1.0928058529129494,-0.7649087425076958,,,2018:30%/0.4 2019:3%/0.1 2020:-64%/-1.6 2021:-277%/-4.8,,
D Binance spot mom28d L/S top50,2018-07-02,2021-02-15,0.19460319207997492,0.44346303946329063,0.7224292152850416,-0.4645251980158591,,,2018:-62%/-1.3 2019:22%/0.8 2020:82%/1.9 2021:-153%/-1.5,,
D Binance spot mom28d long-leg minus EW (gross of costs),2018-07-02,2021-02-15,0.36261712732163415,0.64313819828467,1.0477126221588766,-0.4310324918584021,,,2018:-52%/-1.1 2019:43%/1.2 2020:119%/1.8 2021:-286%/-2.6,,
