observation_date,BDRY
2018-03-22,25.513000
2018-03-23,24.101000
2018-03-26,24.840000
2018-03-27,24.080000
2018-03-28,23.379999
2018-03-29,22.780001
2018-04-02,23.000000
2018-04-03,21.250000
2018-04-04,19.250000
2018-04-05,20.250000
2018-04-06,20.450001
2018-04-09,21.459999
2018-04-10,21.500000
2018-04-11,20.450001
2018-04-12,22.250000
2018-04-13,21.582001
2018-04-16,20.250000
2018-04-17,21.400000
2018-04-18,22.270000
2018-04-19,21.809999
2018-04-20,22.500000
2018-04-23,22.700001
2018-04-24,22.790001
2018-04-25,22.750000
2018-04-26,22.000000
2018-04-27,21.750000
2018-04-30,21.500000
2018-05-01,21.760000
2018-05-02,22.500000
2018-05-03,22.250000
2018-05-04,23.000000
2018-05-07,23.000000
2018-05-08,23.500000
2018-05-09,23.250000
2018-05-10,22.750000
2018-05-11,23.750000
2018-05-14,23.010000
2018-05-15,21.400000
2018-05-16,21.000000
2018-05-17,21.000000
2018-05-18,21.000000
2018-05-21,22.500000
2018-05-22,21.000000
2018-05-23,20.000000
2018-05-24,19.500000
2018-05-25,19.500000
2018-05-29,18.732000
2018-05-30,19.496000
2018-05-31,20.237000
2018-06-01,21.000000
2018-06-04,21.246000
2018-06-05,22.129999
2018-06-06,22.000000
2018-06-07,21.969999
2018-06-08,21.969999
2018-06-11,21.969999
2018-06-12,22.190001
2018-06-13,22.254000
2018-06-14,22.532000
2018-06-15,22.250000
2018-06-18,22.250000
2018-06-19,21.299999
2018-06-20,20.794001
2018-06-21,21.400000
2018-06-22,21.400000
2018-06-25,21.400000
2018-06-26,21.400000
2018-06-27,21.040001
2018-06-28,21.580000
2018-06-29,22.040001
2018-07-02,21.841999
2018-07-03,21.995001
2018-07-05,22.250000
2018-07-06,22.670000
2018-07-09,22.020000
2018-07-10,22.230000
2018-07-11,22.230000
2018-07-12,23.469999
2018-07-13,23.469999
2018-07-16,23.469999
2018-07-17,23.469999
2018-07-18,23.010000
2018-07-19,23.010000
2018-07-20,24.100000
2018-07-23,24.594000
2018-07-24,24.540001
2018-07-25,24.639999
2018-07-26,24.500000
2018-07-27,24.302000
2018-07-30,24.600000
2018-07-31,24.600000
2018-08-01,24.669001
2018-08-02,24.850000
2018-08-03,25.261000
2018-08-06,24.802000
2018-08-07,24.802000
2018-08-08,24.802000
2018-08-09,24.802000
2018-08-10,24.830000
2018-08-13,25.370001
2018-08-14,25.200001
2018-08-15,25.235001
2018-08-16,25.235001
2018-08-17,25.235001
2018-08-20,25.469999
2018-08-21,25.580000
2018-08-22,25.569000
2018-08-23,25.450001
2018-08-24,25.434999
2018-08-27,25.434999
2018-08-28,25.434999
2018-08-29,25.434999
2018-08-30,25.434999
2018-08-31,25.434999
2018-09-04,24.559999
2018-09-05,24.559999
2018-09-06,24.559999
2018-09-07,24.559999
2018-09-10,24.559999
2018-09-11,23.420000
2018-09-12,22.799999
2018-09-13,23.049999
2018-09-14,22.700001
2018-09-17,22.700001
2018-09-18,22.700001
2018-09-19,22.280001
2018-09-20,22.139999
2018-09-21,22.735001
2018-09-24,22.950001
2018-09-25,22.535999
2018-09-26,22.879999
2018-09-27,22.879999
2018-09-28,22.940001
2018-10-01,22.940001
2018-10-02,22.940001
2018-10-03,22.940001
2018-10-04,22.940001
2018-10-05,21.825001
2018-10-08,21.825001
2018-10-09,21.327000
2018-10-10,21.327000
2018-10-11,22.410000
2018-10-12,23.150000
2018-10-15,22.650000
2018-10-16,22.650000
2018-10-17,22.260000
2018-10-18,22.260000
2018-10-19,22.209999
2018-10-22,22.370001
2018-10-23,22.370001
2018-10-24,21.375000
2018-10-25,21.375000
2018-10-26,21.375000
2018-10-29,21.375000
2018-10-30,21.375000
2018-10-31,21.375000
2018-11-01,21.375000
2018-11-02,21.375000
2018-11-05,18.830000
2018-11-06,18.010000
2018-11-07,17.360001
2018-11-08,17.100000
2018-11-09,16.070000
2018-11-12,16.629999
2018-11-13,16.629999
2018-11-14,14.661000
2018-11-15,16.020000
2018-11-16,15.890000
2018-11-19,15.903000
2018-11-20,15.040000
2018-11-21,15.554000
2018-11-23,16.750000
2018-11-26,17.980000
2018-11-27,18.520000
2018-11-28,17.059999
2018-11-29,16.389999
2018-11-30,16.402000
2018-12-03,17.650000
2018-12-04,18.540001
2018-12-06,18.540001
2018-12-07,18.540001
2018-12-10,18.540001
2018-12-11,18.049999
2018-12-12,18.145000
2018-12-13,18.209999
2018-12-14,18.209999
2018-12-17,18.615000
2018-12-18,18.615000
2018-12-19,18.615000
2018-12-20,18.615000
2018-12-21,18.615000
2018-12-24,17.889999
2018-12-26,17.889999
2018-12-27,17.885000
2018-12-28,18.170000
2018-12-31,18.170000
2019-01-02,18.490000
2019-01-03,18.490000
2019-01-04,17.920000
2019-01-07,17.920000
2019-01-08,17.920000
2019-01-09,17.920000
2019-01-10,17.110001
2019-01-11,17.110001
2019-01-14,17.135000
2019-01-15,17.135000
2019-01-16,16.665001
2019-01-17,16.665001
2019-01-18,17.270000
2019-01-22,15.605000
2019-01-23,15.605000
2019-01-24,15.265000
2019-01-25,15.095000
2019-01-28,13.435000
2019-01-29,12.555000
2019-01-30,12.215000
2019-01-31,12.175000
2019-02-01,12.860000
2019-02-04,12.520000
2019-02-05,12.377000
2019-02-06,11.750000
2019-02-07,10.870000
2019-02-08,11.020000
2019-02-11,11.400000
2019-02-12,11.670000
2019-02-13,11.635000
2019-02-14,11.085000
2019-02-15,11.190000
2019-02-19,10.990000
2019-02-20,10.890000
2019-02-21,10.695000
2019-02-22,10.925000
2019-02-25,11.090000
2019-02-26,11.155000
2019-02-27,11.100000
2019-02-28,11.040000
2019-03-01,10.710000
2019-03-04,10.614000
2019-03-05,10.250000
2019-03-06,9.912000
2019-03-07,9.555000
2019-03-08,9.574000
2019-03-11,9.600000
2019-03-12,9.992000
2019-03-13,10.090000
2019-03-14,11.020000
2019-03-15,10.965000
2019-03-18,10.280000
2019-03-19,9.983000
2019-03-20,10.632000
2019-03-21,10.355000
2019-03-22,10.443000
2019-03-25,10.435000
2019-03-26,9.973000
2019-03-27,9.974000
2019-03-28,10.045000
2019-03-29,9.359000
2019-04-01,9.300000
2019-04-02,9.435000
2019-04-03,9.560000
2019-04-04,9.430000
2019-04-05,9.545000
2019-04-08,9.655000
2019-04-09,9.840000
2019-04-10,9.705000
2019-04-11,9.255000
2019-04-12,9.665000
2019-04-15,10.131000
2019-04-16,10.074000
2019-04-17,10.435000
2019-04-18,10.725000
2019-04-22,10.770000
2019-04-23,11.088000
2019-04-24,11.000000
2019-04-25,11.055000
2019-04-26,11.406000
2019-04-29,12.010000
2019-04-30,12.385000
2019-05-01,12.251000
2019-05-02,12.282000
2019-05-03,12.251000
2019-05-06,11.215000
2019-05-07,11.105000
2019-05-08,11.790000
2019-05-09,11.845000
2019-05-10,12.250000
2019-05-13,12.115000
2019-05-14,12.185000
2019-05-15,11.800000
2019-05-16,11.835000
2019-05-17,12.025000
2019-05-20,11.835000
2019-05-21,11.965000
2019-05-22,12.045000
2019-05-23,12.235000
2019-05-24,12.205000
2019-05-28,12.365000
2019-05-29,12.516000
2019-05-30,12.180000
2019-05-31,12.250000
2019-06-03,12.445000
2019-06-04,12.490000
2019-06-05,12.500000
2019-06-06,12.425000
2019-06-07,12.295000
2019-06-10,12.085000
2019-06-11,12.010000
2019-06-12,11.860000
2019-06-13,12.085000
2019-06-14,12.385000
2019-06-17,12.370000
2019-06-18,12.385000
2019-06-19,12.445000
2019-06-20,12.405000
2019-06-21,12.690000
2019-06-24,12.960000
2019-06-25,13.005000
2019-06-26,12.995000
2019-06-27,12.930000
2019-06-28,13.150000
2019-07-01,13.420000
2019-07-02,14.302000
2019-07-03,15.020000
2019-07-05,14.900000
2019-07-08,15.066000
2019-07-09,15.775000
2019-07-10,15.780000
2019-07-11,16.305000
2019-07-12,16.605000
2019-07-15,17.125000
2019-07-16,16.575001
2019-07-17,16.975000
2019-07-18,17.195000
2019-07-19,17.565001
2019-07-22,17.988001
2019-07-23,17.065001
2019-07-24,16.350000
2019-07-25,16.900000
2019-07-26,16.594999
2019-07-29,16.389999
2019-07-30,16.190001
2019-07-31,16.120001
2019-08-01,15.935000
2019-08-02,15.575000
2019-08-05,14.680000
2019-08-06,15.750000
2019-08-07,15.580000
2019-08-08,16.145000
2019-08-09,17.080000
2019-08-12,17.070999
2019-08-13,17.920000
2019-08-14,18.399000
2019-08-15,18.320999
2019-08-16,18.184999
2019-08-19,17.750000
2019-08-20,18.094999
2019-08-21,18.924999
2019-08-22,19.459999
2019-08-23,19.531000
2019-08-26,19.549999
2019-08-27,20.440001
2019-08-28,20.410000
2019-08-29,20.405001
2019-08-30,21.135000
2019-09-03,21.590000
2019-09-04,21.066999
2019-09-05,20.590000
2019-09-06,20.450001
2019-09-09,20.190001
2019-09-10,20.337999
2019-09-11,20.805000
2019-09-12,21.195000
2019-09-13,21.115000
2019-09-16,21.270000
2019-09-17,20.410000
2019-09-18,19.650000
2019-09-19,19.514999
2019-09-20,20.010000
2019-09-23,20.860001
2019-09-24,20.570999
2019-09-25,19.520000
2019-09-26,18.715000
2019-09-27,18.924999
2019-09-30,19.709999
2019-10-01,19.875000
2019-10-02,20.115999
2019-10-03,19.374001
2019-10-04,20.405001
2019-10-07,20.639999
2019-10-08,21.490000
2019-10-09,21.912001
2019-10-10,21.495001
2019-10-11,21.195000
2019-10-14,20.910000
2019-10-15,20.885000
2019-10-16,20.075001
2019-10-17,20.200001
2019-10-18,20.480000
2019-10-21,19.490000
2019-10-22,19.055000
2019-10-23,19.295000
2019-10-24,19.840000
2019-10-25,19.815001
2019-10-28,19.785000
2019-10-29,19.420000
2019-10-30,18.545000
2019-10-31,18.030001
2019-11-01,18.120001
2019-11-04,18.049999
2019-11-05,17.600000
2019-11-06,16.775000
2019-11-07,16.299999
2019-11-08,16.245001
2019-11-11,16.545000
2019-11-12,16.975000
2019-11-13,16.709999
2019-11-14,16.584999
2019-11-15,16.775000
2019-11-18,16.584999
2019-11-19,16.355000
2019-11-20,16.530001
2019-11-21,16.674999
2019-11-22,17.094999
2019-11-25,17.805000
2019-11-26,18.362000
2019-11-27,18.055000
2019-11-29,18.330000
2019-12-02,19.055000
2019-12-03,18.315001
2019-12-04,17.975000
2019-12-05,17.889999
2019-12-06,18.205000
2019-12-09,17.900000
2019-12-10,17.740000
2019-12-11,17.334999
2019-12-12,16.840000
2019-12-13,16.995001
2019-12-16,16.674999
2019-12-17,16.120001
2019-12-18,15.685000
2019-12-19,15.325000
2019-12-20,15.225000
2019-12-23,15.335000
2019-12-24,15.345000
2019-12-26,15.374000
2019-12-27,15.290000
2019-12-30,15.100000
2019-12-31,15.450000
2020-01-02,13.961000
2020-01-03,13.050000
2020-01-06,11.920000
2020-01-07,11.895000
2020-01-08,13.655000
2020-01-09,13.310000
2020-01-10,13.845000
2020-01-13,12.995000
2020-01-14,13.665000
2020-01-15,13.350000
2020-01-16,12.630000
2020-01-17,12.105000
2020-01-21,11.370000
2020-01-22,11.032000
2020-01-23,11.045000
2020-01-24,11.135000
2020-01-27,10.440000
2020-01-28,10.280000
2020-01-29,10.085000
2020-01-30,9.550000
2020-01-31,9.820000
2020-02-03,9.293000
2020-02-04,9.350000
2020-02-05,9.550000
2020-02-06,9.450000
2020-02-07,9.225000
2020-02-10,8.800000
2020-02-11,9.300000
2020-02-12,9.400000
2020-02-13,9.140000
2020-02-14,9.225000
2020-02-18,9.270000
2020-02-19,9.100000
2020-02-20,9.030000
2020-02-21,9.010000
2020-02-24,8.370000
2020-02-25,8.220000
2020-02-26,8.180000
2020-02-27,8.300000
2020-02-28,8.190000
2020-03-02,7.910000
2020-03-03,8.100000
2020-03-04,8.310000
2020-03-05,8.370000
2020-03-06,8.250000
2020-03-09,7.500000
2020-03-10,7.810000
2020-03-11,7.500000
2020-03-12,6.910000
2020-03-13,6.840000
2020-03-16,6.100000
2020-03-17,6.060000
2020-03-18,5.390000
2020-03-19,5.560000
2020-03-20,5.820000
2020-03-23,5.740000
2020-03-24,5.370000
2020-03-25,5.030000
2020-03-26,5.390000
2020-03-27,5.400000
2020-03-30,5.805000
2020-03-31,6.390000
2020-04-01,6.290000
2020-04-02,6.380000
2020-04-03,6.240000
2020-04-06,6.100000
2020-04-07,6.290000
2020-04-08,6.870000
2020-04-09,7.350000
2020-04-13,7.320000
2020-04-14,7.230000
2020-04-15,7.250000
2020-04-16,7.230000
2020-04-17,7.250000
2020-04-20,6.810000
2020-04-21,6.150000
2020-04-22,6.150000
2020-04-23,6.110000
2020-04-24,6.020000
2020-04-27,5.810000
2020-04-28,5.550000
2020-04-29,5.680000
2020-04-30,5.540000
2020-05-01,5.350000
2020-05-04,5.100000
2020-05-05,4.790000
2020-05-06,4.450000
2020-05-07,4.580000
2020-05-08,4.600000
2020-05-11,4.430000
2020-05-12,4.130000
2020-05-13,3.910000
2020-05-14,4.013000
2020-05-15,4.170000
2020-05-18,4.590000
2020-05-19,4.620000
2020-05-20,4.910000
2020-05-21,4.940000
2020-05-22,4.880000
2020-05-26,4.800000
2020-05-27,4.650000
2020-05-28,4.550000
2020-05-29,4.650000
2020-06-01,4.640000
2020-06-02,5.000000
2020-06-03,5.030000
2020-06-04,5.050000
2020-06-05,5.450000
2020-06-08,5.510000
2020-06-09,5.270000
2020-06-10,5.780000
2020-06-11,5.780000
2020-06-12,6.360000
2020-06-15,6.420000
2020-06-16,7.220000
2020-06-17,7.820000
2020-06-18,7.260000
2020-06-19,7.275000
2020-06-22,7.430000
2020-06-23,8.180000
2020-06-24,7.440000
2020-06-25,7.240000
2020-06-26,7.610000
2020-06-29,7.560000
2020-06-30,7.390000
2020-07-01,7.200000
2020-07-02,8.050000
2020-07-06,9.420000
2020-07-07,8.930000
2020-07-08,9.000000
2020-07-09,8.750000
2020-07-10,8.490000
2020-07-13,8.100000
2020-07-14,7.820000
2020-07-15,7.520000
2020-07-16,7.980000
2020-07-17,8.000000
2020-07-20,7.500000
2020-07-21,7.110000
2020-07-22,6.910000
2020-07-23,7.150000
2020-07-24,7.390000
2020-07-27,7.550000
2020-07-28,7.900000
2020-07-29,8.510000
2020-07-30,8.190000
2020-07-31,8.150000
2020-08-03,8.420000
2020-08-04,8.690000
2020-08-05,8.510000
2020-08-06,8.800000
2020-08-07,8.500000
2020-08-10,8.610000
2020-08-11,9.320000
2020-08-12,9.160000
2020-08-13,9.020000
2020-08-14,8.850000
2020-08-17,8.900000
2020-08-18,8.840000
2020-08-19,8.470000
2020-08-20,8.050000
2020-08-21,8.110000
2020-08-24,8.660000
2020-08-25,8.760000
2020-08-26,8.790000
2020-08-27,8.770000
2020-08-28,8.770000
2020-08-31,8.520000
2020-09-01,8.130000
2020-09-02,7.820000
2020-09-03,7.410000
2020-09-04,7.770000
2020-09-08,7.405000
2020-09-09,7.140000
2020-09-10,7.485000
2020-09-11,7.690000
2020-09-14,7.850000
2020-09-15,7.550000
2020-09-16,7.600000
2020-09-17,7.640000
2020-09-18,7.570000
2020-09-21,7.625000
2020-09-22,7.680000
2020-09-23,8.110000
2020-09-24,8.430000
2020-09-25,8.210000
2020-09-28,8.090000
2020-09-29,8.230000
2020-09-30,8.240000
2020-10-01,8.360000
2020-10-02,8.650000
2020-10-05,8.730000
2020-10-06,8.520000
2020-10-07,8.160000
2020-10-08,8.130000
2020-10-09,7.880000
2020-10-12,7.950000
2020-10-13,7.940000
2020-10-14,7.490000
2020-10-15,7.400000
2020-10-16,7.000000
2020-10-19,7.110000
2020-10-20,7.390000
2020-10-21,7.670000
2020-10-22,7.510000
2020-10-23,7.390000
2020-10-26,7.180000
2020-10-27,7.120000
2020-10-28,6.860000
2020-10-29,6.500000
2020-10-30,6.770000
2020-11-02,6.520000
2020-11-03,6.560000
2020-11-04,6.360000
2020-11-05,6.540000
2020-11-06,6.800000
2020-11-09,7.010000
2020-11-10,6.670000
2020-11-11,6.220000
2020-11-12,6.410000
2020-11-13,6.310000
2020-11-16,6.280000
2020-11-17,6.250000
2020-11-18,6.370000
2020-11-19,6.600000
2020-11-20,6.610000
2020-11-23,6.610000
2020-11-24,6.590000
2020-11-25,6.700000
2020-11-27,6.620000
2020-11-30,6.420000
2020-12-01,6.410000
2020-12-02,6.170000
2020-12-03,6.240000
2020-12-04,6.540000
2020-12-07,6.400000
2020-12-08,6.460000
2020-12-09,6.710000
2020-12-10,7.044000
2020-12-11,7.180000
2020-12-14,7.300000
2020-12-15,7.300000
2020-12-16,7.090000
2020-12-17,7.410000
2020-12-18,7.460000
2020-12-21,7.270000
2020-12-22,7.512000
2020-12-23,7.730000
2020-12-24,7.560000
2020-12-28,7.635000
2020-12-29,7.200000
2020-12-30,7.510000
2020-12-31,7.700000
2021-01-04,8.470000
2021-01-05,8.560000
2021-01-06,8.530000
2021-01-07,9.320000
2021-01-08,10.340000
2021-01-11,11.800000
2021-01-12,10.590000
2021-01-13,9.960000
2021-01-14,10.470000
2021-01-15,11.040000
2021-01-19,10.710000
2021-01-20,10.800000
2021-01-21,11.330000
2021-01-22,11.000000
2021-01-25,10.700000
2021-01-26,9.600000
2021-01-27,10.023000
2021-01-28,9.760000
2021-01-29,10.340000
2021-02-01,10.190000
2021-02-02,9.230000
2021-02-03,9.450000
2021-02-04,9.810000
2021-02-05,10.240000
2021-02-08,9.790000
2021-02-09,10.100000
2021-02-10,10.750000
2021-02-11,11.550000
2021-02-12,12.430000
2021-02-16,15.820000
2021-02-17,16.660000
2021-02-18,13.520000
2021-02-19,14.500000
2021-02-22,13.740000
2021-02-23,13.340000
2021-02-24,13.170000
2021-02-25,13.310000
2021-02-26,12.710000
2021-03-01,13.020000
2021-03-02,14.890000
2021-03-03,15.280000
2021-03-04,15.260000
2021-03-05,16.250000
2021-03-08,16.500000
2021-03-09,16.330000
2021-03-10,15.320000
2021-03-11,16.200001
2021-03-12,16.590000
2021-03-15,17.950001
2021-03-16,18.000000
2021-03-17,19.500000
2021-03-18,20.330000
2021-03-19,19.570000
2021-03-22,19.059999
2021-03-23,16.700001
2021-03-24,17.240000
2021-03-25,19.299999
2021-03-26,18.420000
2021-03-29,16.870001
2021-03-30,16.500000
2021-03-31,16.920000
2021-04-01,17.930000
2021-04-05,18.209999
2021-04-06,17.570000
2021-04-07,16.969999
2021-04-08,16.530001
2021-04-09,17.520000
2021-04-12,18.080000
2021-04-13,17.070000
2021-04-14,18.790001
2021-04-15,20.299999
2021-04-16,19.790001
2021-04-19,20.000000
2021-04-20,20.450001
2021-04-21,21.879999
2021-04-22,20.469999
2021-04-23,20.920000
2021-04-26,21.400000
2021-04-27,22.980000
2021-04-28,23.520000
2021-04-29,24.010000
2021-04-30,24.700001
2021-05-03,25.080000
2021-05-04,26.209999
2021-05-05,26.670000
2021-05-06,23.559999
2021-05-07,25.900000
2021-05-10,27.590000
2021-05-11,25.990000
2021-05-12,24.200001
2021-05-13,23.959999
2021-05-14,22.950001
2021-05-17,21.930000
2021-05-18,24.080000
2021-05-19,24.450001
2021-05-20,25.620001
2021-05-21,26.860001
2021-05-24,25.240000
2021-05-25,23.959999
2021-05-26,23.959999
2021-05-27,23.920000
2021-05-28,23.000000
2021-06-01,23.850000
2021-06-02,22.580000
2021-06-03,22.709999
2021-06-04,23.500000
2021-06-07,22.660000
2021-06-08,23.110001
2021-06-09,24.990000
2021-06-10,27.049999
2021-06-11,27.820000
2021-06-14,27.000000
2021-06-15,28.990000
2021-06-16,30.139999
2021-06-17,28.070000
2021-06-18,27.070000
2021-06-21,26.559999
2021-06-22,27.049999
2021-06-23,27.879999
2021-06-24,28.840000
2021-06-25,29.959999
2021-06-28,28.930000
2021-06-29,28.820000
2021-06-30,29.350000
2021-07-01,27.320000
2021-07-02,26.870001
2021-07-06,25.260000
2021-07-07,26.920000
2021-07-08,26.340000
2021-07-09,26.790001
2021-07-12,25.340000
2021-07-13,24.490000
2021-07-14,23.150000
2021-07-15,24.450001
2021-07-16,24.510000
2021-07-19,25.330000
2021-07-20,25.480000
2021-07-21,26.100000
2021-07-22,26.580000
2021-07-23,27.090000
2021-07-26,25.629999
2021-07-27,24.629999
2021-07-28,25.490000
2021-07-29,26.650000
2021-07-30,25.799999
2021-08-02,26.549999
2021-08-03,26.629999
2021-08-04,27.190001
2021-08-05,26.730000
2021-08-06,26.600000
2021-08-09,26.420000
2021-08-10,27.010000
2021-08-11,27.770000
2021-08-12,28.250000
2021-08-13,27.969999
2021-08-16,28.780001
2021-08-17,29.209999
2021-08-18,29.600000
2021-08-19,29.270000
2021-08-20,29.980000
2021-08-23,30.330000
2021-08-24,30.370001
2021-08-25,29.400000
2021-08-26,30.740000
2021-08-27,30.000000
2021-08-30,29.940001
2021-08-31,28.330000
2021-09-01,27.730000
2021-09-02,28.260000
2021-09-03,27.360001
2021-09-07,26.900000
2021-09-08,27.670000
2021-09-09,29.350000
2021-09-10,30.120001
2021-09-13,30.830000
2021-09-14,29.879999
2021-09-15,30.200001
2021-09-16,30.650000
2021-09-17,30.730000
2021-09-20,28.900000
2021-09-21,30.900000
2021-09-22,30.740000
2021-09-23,31.860001
2021-09-24,32.480000
2021-09-27,34.349998
2021-09-28,36.570000
2021-09-29,35.680000
2021-09-30,36.009998
2021-10-01,36.900002
2021-10-04,37.770000
2021-10-05,41.250000
2021-10-06,41.509998
2021-10-07,38.840000
2021-10-08,39.230000
2021-10-11,40.959999
2021-10-12,37.630001
2021-10-13,36.889999
2021-10-14,37.279999
2021-10-15,35.299999
2021-10-18,37.290001
2021-10-19,38.480000
2021-10-20,37.310001
2021-10-21,34.570000
2021-10-22,32.200001
2021-10-25,30.610001
2021-10-26,27.760000
2021-10-27,29.480000
2021-10-28,30.370001
2021-10-29,30.040001
2021-11-01,26.400000
2021-11-02,22.879999
2021-11-03,20.820000
2021-11-04,23.070000
2021-11-05,23.049999
2021-11-08,25.160000
2021-11-09,24.219999
2021-11-10,22.700001
2021-11-11,21.940001
2021-11-12,22.629999
2021-11-15,21.670000
2021-11-16,19.650000
2021-11-17,20.450001
2021-11-18,22.230000
2021-11-19,24.790001
2021-11-22,24.889999
2021-11-23,23.389999
2021-11-24,25.200001
2021-11-26,24.730000
2021-11-29,26.959999
2021-11-30,26.650000
2021-12-01,27.790001
2021-12-02,28.719999
2021-12-03,29.590000
2021-12-06,29.600000
2021-12-07,30.440001
2021-12-08,28.459999
2021-12-09,27.170000
2021-12-10,28.139999
2021-12-13,27.830000
2021-12-14,23.610001
2021-12-15,24.790001
2021-12-16,24.280001
2021-12-17,23.950001
2021-12-20,25.719999
2021-12-21,25.040001
2021-12-22,26.270000
2021-12-23,26.770000
2021-12-27,26.700001
2021-12-28,26.490000
2021-12-29,28.250000
2021-12-30,29.600000
2021-12-31,29.490000
2022-01-03,29.219999
2022-01-04,26.840000
2022-01-05,26.219999
2022-01-06,26.480000
2022-01-07,26.860001
2022-01-10,24.080000
2022-01-11,24.700001
2022-01-12,23.500000
2022-01-13,22.360001
2022-01-14,23.190001
2022-01-18,21.000000
2022-01-19,19.910000
2022-01-20,21.530001
2022-01-21,20.110001
2022-01-24,21.080000
2022-01-25,19.940001
2022-01-26,19.639999
2022-01-27,20.500000
2022-01-28,22.010000
2022-01-31,21.940001
2022-02-01,21.500000
2022-02-02,22.290001
2022-02-03,21.830000
2022-02-04,21.700001
2022-02-07,21.780001
2022-02-08,22.780001
2022-02-09,24.850000
2022-02-10,25.430000
2022-02-11,24.730000
2022-02-14,22.780001
2022-02-15,22.660000
2022-02-16,22.170000
2022-02-17,23.530001
2022-02-18,23.570000
2022-02-22,23.860001
2022-02-23,24.940001
2022-02-24,22.620001
2022-02-25,22.610001
2022-02-28,21.430000
2022-03-01,23.879999
2022-03-02,23.670000
2022-03-03,23.580000
2022-03-04,24.900000
2022-03-07,26.280001
2022-03-08,26.830000
2022-03-09,27.840000
2022-03-10,27.570000
2022-03-11,27.049999
2022-03-14,24.700001
2022-03-15,23.730000
2022-03-16,25.540001
2022-03-17,26.040001
2022-03-18,26.350000
2022-03-21,25.760000
2022-03-22,25.049999
2022-03-23,25.950001
2022-03-24,24.879999
2022-03-25,24.389999
2022-03-28,23.770000
2022-03-29,24.260000
2022-03-30,25.010000
2022-03-31,24.180000
2022-04-01,23.959999
2022-04-04,22.400000
2022-04-05,21.770000
2022-04-06,20.620001
2022-04-07,21.660000
2022-04-08,22.450001
2022-04-11,21.000000
2022-04-12,21.280001
2022-04-13,21.240000
2022-04-14,22.160000
2022-04-18,22.219999
2022-04-19,21.230000
2022-04-20,20.290001
2022-04-21,21.740000
2022-04-22,22.309999
2022-04-25,20.920000
2022-04-26,20.740000
2022-04-27,21.549999
2022-04-28,21.010000
2022-04-29,21.480000
2022-05-02,21.490000
2022-05-03,22.120001
2022-05-04,23.290001
2022-05-05,23.690001
2022-05-06,23.750000
2022-05-09,23.879999
2022-05-10,23.389999
2022-05-11,23.900000
2022-05-12,23.190001
2022-05-13,23.120001
2022-05-16,23.340000
2022-05-17,24.629999
2022-05-18,25.780001
2022-05-19,24.969999
2022-05-20,25.420000
2022-05-23,24.600000
2022-05-24,23.389999
2022-05-25,22.969999
2022-05-26,22.549999
2022-05-27,21.480000
2022-05-31,22.190001
2022-06-01,21.889999
2022-06-02,22.000000
2022-06-03,22.010000
2022-06-06,21.459999
2022-06-07,20.350000
2022-06-08,19.240000
2022-06-09,19.360001
2022-06-10,19.850000
2022-06-13,19.139999
2022-06-14,19.879999
2022-06-15,19.549999
2022-06-16,19.690001
2022-06-17,20.160000
2022-06-21,18.290001
2022-06-22,16.790001
2022-06-23,17.580000
2022-06-24,16.900000
2022-06-27,16.370001
2022-06-28,16.030001
2022-06-29,16.730000
2022-06-30,17.170000
2022-07-01,17.110001
2022-07-05,15.900000
2022-07-06,14.950000
2022-07-07,15.910000
2022-07-08,15.290000
2022-07-11,15.020000
2022-07-12,13.860000
2022-07-13,14.480000
2022-07-14,15.180000
2022-07-15,15.990000
2022-07-18,15.280000
2022-07-19,14.810000
2022-07-20,14.540000
2022-07-21,14.650000
2022-07-22,14.600000
2022-07-25,13.280000
2022-07-26,13.470000
2022-07-27,13.310000
2022-07-28,12.790000
2022-07-29,12.420000
2022-08-01,12.650000
2022-08-02,11.780000
2022-08-03,10.830000
2022-08-04,10.820000
2022-08-05,11.100000
2022-08-08,11.230000
2022-08-09,11.560000
2022-08-10,11.580000
2022-08-11,10.890000
2022-08-12,10.540000
2022-08-15,9.890000
2022-08-16,9.990000
2022-08-17,9.770000
2022-08-18,9.420000
2022-08-19,9.310000
2022-08-22,9.210000
2022-08-23,8.700000
2022-08-24,8.550000
2022-08-25,7.970000
2022-08-26,7.920000
2022-08-29,7.860000
2022-08-30,7.200000
2022-08-31,7.840000
2022-09-01,8.730000
2022-09-02,8.780000
2022-09-06,7.990000
2022-09-07,8.250000
2022-09-08,8.780000
2022-09-09,8.630000
2022-09-12,9.550000
2022-09-13,9.750000
2022-09-14,9.390000
2022-09-15,9.140000
2022-09-16,9.070000
2022-09-19,9.180000
2022-09-20,10.250000
2022-09-21,10.050000
2022-09-22,9.940000
2022-09-23,10.270000
2022-09-26,10.050000
2022-09-27,10.390000
2022-09-28,9.580000
2022-09-29,8.960000
2022-09-30,9.040000
2022-10-03,9.140000
2022-10-04,10.350000
2022-10-05,10.100000
2022-10-06,9.690000
2022-10-07,9.700000
2022-10-10,9.200000
2022-10-11,9.340000
2022-10-12,9.090000
2022-10-13,8.690000
2022-10-14,9.210000
2022-10-17,8.830000
2022-10-18,9.190000
2022-10-19,8.950000
2022-10-20,8.710000
2022-10-21,8.810000
2022-10-24,8.480000
2022-10-25,8.350000
2022-10-26,8.090000
2022-10-27,7.750000
2022-10-28,7.710000
2022-10-31,7.100000
2022-11-01,7.410000
2022-11-02,7.670000
2022-11-03,7.370000
2022-11-04,7.720000
2022-11-07,7.570000
2022-11-08,7.700000
2022-11-09,7.900000
2022-11-10,7.890000
2022-11-11,8.200000
2022-11-14,8.200000
2022-11-15,7.710000
2022-11-16,7.350000
2022-11-17,7.190000
2022-11-18,7.090000
2022-11-21,7.370000
2022-11-22,7.070000
2022-11-23,7.380000
2022-11-25,7.820000
2022-11-28,7.660000
2022-11-29,7.540000
2022-11-30,7.860000
2022-12-01,7.710000
2022-12-02,7.700000
2022-12-05,7.970000
2022-12-06,8.440000
2022-12-07,8.400000
2022-12-08,9.010000
2022-12-09,9.190000
2022-12-12,8.740000
2022-12-13,9.290000
2022-12-14,9.820000
2022-12-15,9.760000
2022-12-16,9.030000
2022-12-19,8.850000
2022-12-20,9.980000
2022-12-21,9.980000
2022-12-22,9.740000
2022-12-23,9.460000
2022-12-27,9.500000
2022-12-28,9.450000
2022-12-29,9.400000
2022-12-30,9.190000
2023-01-03,8.820000
2023-01-04,9.250000
2023-01-05,9.510000
2023-01-06,10.040000
2023-01-09,9.740000
2023-01-10,9.120000
2023-01-11,8.980000
2023-01-12,9.090000
2023-01-13,9.360000
2023-01-17,9.410000
2023-01-18,8.940000
2023-01-19,8.775000
2023-01-20,8.950000
2023-01-23,8.640000
2023-01-24,8.440000
2023-01-25,8.450000
2023-01-26,8.120000
2023-01-27,8.270000
2023-01-30,8.000000
2023-01-31,7.800000
2023-02-01,7.530000
2023-02-02,7.310000
2023-02-03,7.110000
2023-02-06,6.800000
2023-02-07,7.160000
2023-02-08,7.620000
2023-02-09,7.120000
2023-02-10,7.230000
2023-02-13,7.000000
2023-02-14,6.730000
2023-02-15,6.530000
2023-02-16,6.750000
2023-02-17,6.600000
2023-02-21,7.060000
2023-02-22,7.290000
2023-02-23,7.960000
2023-02-24,7.950000
2023-02-27,8.150000
2023-02-28,9.050000
2023-03-01,8.820000
2023-03-02,8.980000
2023-03-03,9.390000
2023-03-06,9.150000
2023-03-07,9.180000
2023-03-08,9.600000
2023-03-09,9.920000
2023-03-10,10.190000
2023-03-13,10.260000
2023-03-14,10.570000
2023-03-15,9.690000
2023-03-16,9.980000
2023-03-17,9.970000
2023-03-20,9.500000
2023-03-21,9.310000
2023-03-22,9.490000
2023-03-23,10.190000
2023-03-24,9.760000
2023-03-27,9.450000
2023-03-28,9.460000
2023-03-29,10.020000
2023-03-30,9.650000
2023-03-31,10.100000
2023-04-03,10.010000
2023-04-04,10.310000
2023-04-05,10.020000
2023-04-06,9.810000
2023-04-10,9.910000
2023-04-11,9.280000
2023-04-12,9.410000
2023-04-13,9.370000
2023-04-14,9.190000
2023-04-17,8.960000
2023-04-18,8.620000
2023-04-19,9.160000
2023-04-20,9.250000
2023-04-21,9.160000
2023-04-24,8.780000
2023-04-25,8.760000
2023-04-26,8.820000
2023-04-27,8.850000
2023-04-28,8.760000
2023-05-01,8.780000
2023-05-02,8.280000
2023-05-03,8.450000
2023-05-04,7.930000
2023-05-05,8.300000
2023-05-08,8.350000
2023-05-09,8.990000
2023-05-10,8.600000
2023-05-11,8.090000
2023-05-12,7.720000
2023-05-15,7.290000
2023-05-16,7.220000
2023-05-17,7.220000
2023-05-18,7.490000
2023-05-19,7.410000
2023-05-22,7.390000
2023-05-23,7.090000
2023-05-24,6.560000
2023-05-25,6.440000
2023-05-26,6.570000
2023-05-30,6.080000
2023-05-31,5.780000
2023-06-01,5.840000
2023-06-02,6.140000
2023-06-05,6.550000
2023-06-06,6.550000
2023-06-07,6.140000
2023-06-08,6.370000
2023-06-09,6.330000
2023-06-12,6.190000
2023-06-13,6.300000
2023-06-14,6.400000
2023-06-15,6.340000
2023-06-16,6.140000
2023-06-20,6.160000
2023-06-21,6.120000
2023-06-22,6.170000
2023-06-23,6.160000
2023-06-26,5.920000
2023-06-27,5.660000
2023-06-28,5.570000
2023-06-29,5.610000
2023-06-30,5.550000
2023-07-03,5.170000
2023-07-05,5.050000
2023-07-06,5.200000
2023-07-07,5.010000
2023-07-10,5.040000
2023-07-11,5.220000
2023-07-12,5.370000
2023-07-13,5.170000
2023-07-14,5.080000
2023-07-17,4.840000
2023-07-18,4.610000
2023-07-19,4.500000
2023-07-20,4.730000
2023-07-21,4.730000
2023-07-24,4.560000
2023-07-25,4.790000
2023-07-26,4.870000
2023-07-27,4.800000
2023-07-28,4.760000
2023-07-31,4.950000
2023-08-01,4.950000
2023-08-02,4.820000
2023-08-03,4.890000
2023-08-04,4.890000
2023-08-07,5.210000
2023-08-08,5.070000
2023-08-09,5.060000
2023-08-10,5.220000
2023-08-11,5.330000
2023-08-14,5.340000
2023-08-15,5.590000
2023-08-16,5.660000
2023-08-17,5.450000
2023-08-18,5.330000
2023-08-21,5.090000
2023-08-22,4.940000
2023-08-23,4.830000
2023-08-24,5.060000
2023-08-25,4.940000
2023-08-28,4.970000
2023-08-29,5.050000
2023-08-30,4.880000
2023-08-31,4.890000
2023-09-01,4.860000
2023-09-05,4.900000
2023-09-06,5.070000
2023-09-07,5.240000
2023-09-08,5.300000
2023-09-11,5.100000
2023-09-12,5.270000
2023-09-13,5.300000
2023-09-14,5.460000
2023-09-15,5.480000
2023-09-18,5.670000
2023-09-19,5.700000
2023-09-20,5.460000
2023-09-21,5.370000
2023-09-22,5.530000
2023-09-25,5.590000
2023-09-26,5.540000
2023-09-27,5.530000
2023-09-28,5.370000
2023-09-29,5.490000
2023-10-02,5.630000
2023-10-03,5.590000
2023-10-04,5.550000
2023-10-05,5.750000
2023-10-06,5.910000
2023-10-09,5.970000
2023-10-10,5.670000
2023-10-11,5.780000
2023-10-12,5.600000
2023-10-13,5.870000
2023-10-16,5.810000
2023-10-17,6.090000
2023-10-18,5.830000
2023-10-19,5.670000
2023-10-20,5.760000
2023-10-23,5.540000
2023-10-24,5.410000
2023-10-25,5.290000
2023-10-26,5.180000
2023-10-27,5.060000
2023-10-30,4.940000
2023-10-31,5.010000
2023-11-01,4.800000
2023-11-02,5.010000
2023-11-03,5.150000
2023-11-06,5.270000
2023-11-07,5.200000
2023-11-08,5.400000
2023-11-09,5.800000
2023-11-10,5.700000
2023-11-13,5.950000
2023-11-14,5.930000
2023-11-15,6.150000
2023-11-16,6.440000
2023-11-17,6.420000
2023-11-20,6.420000
2023-11-21,6.550000
2023-11-22,6.620000
2023-11-24,7.520000
2023-11-27,7.770000
2023-11-28,7.800000
2023-11-29,8.710000
2023-11-30,9.330000
2023-12-01,10.040000
2023-12-04,9.340000
2023-12-05,8.300000
2023-12-06,8.230000
2023-12-07,8.340000
2023-12-08,8.700000
2023-12-11,8.600000
2023-12-12,9.440000
2023-12-13,8.870000
2023-12-14,9.240000
2023-12-15,9.920000
2023-12-18,10.600000
2023-12-19,9.780000
2023-12-20,10.040000
2023-12-21,9.970000
2023-12-22,10.440000
2023-12-26,10.400000
2023-12-27,10.870000
2023-12-28,11.650000
2023-12-29,11.560000
2024-01-02,10.620000
2024-01-03,10.140000
2024-01-04,10.900000
2024-01-05,10.610000
2024-01-08,9.610000
2024-01-09,9.000000
2024-01-10,9.550000
2024-01-11,9.440000
2024-01-12,9.500000
2024-01-16,9.770000
2024-01-17,10.060000
2024-01-18,11.190000
2024-01-19,11.050000
2024-01-22,10.430000
2024-01-23,10.720000
2024-01-24,11.750000
2024-01-25,11.100000
2024-01-26,11.060000
2024-01-29,10.750000
2024-01-30,10.980000
2024-01-31,11.240000
2024-02-01,11.110000
2024-02-02,11.170000
2024-02-05,11.810000
2024-02-06,12.640000
2024-02-07,11.800000
2024-02-08,12.550000
2024-02-09,12.350000
2024-02-12,12.500000
2024-02-13,12.260000
2024-02-14,12.750000
2024-02-15,12.790000
2024-02-16,12.820000
2024-02-20,12.500000
2024-02-21,12.950000
2024-02-22,13.510000
2024-02-23,14.337000
2024-02-26,13.733000
2024-02-27,14.450000
2024-02-28,15.030000
2024-02-29,15.250000
2024-03-01,16.100000
2024-03-04,16.230000
2024-03-05,15.750000
2024-03-06,15.570000
2024-03-07,16.430000
2024-03-08,16.840000
2024-03-11,16.040001
2024-03-12,16.480000
2024-03-13,16.250000
2024-03-14,16.059999
2024-03-15,15.690000
2024-03-18,16.190001
2024-03-19,15.490000
2024-03-20,14.680000
2024-03-21,15.270000
2024-03-22,14.730000
2024-03-25,14.070000
2024-03-26,13.380000
2024-03-27,13.350000
2024-03-28,13.860000
2024-04-01,13.890000
2024-04-02,12.700000
2024-04-03,13.320000
2024-04-04,12.710000
2024-04-05,12.850000
2024-04-08,12.510000
2024-04-09,12.780000
2024-04-10,13.500000
2024-04-11,13.540000
2024-04-12,13.670000
2024-04-15,13.560000
2024-04-16,13.400000
2024-04-17,13.810000
2024-04-18,13.430000
2024-04-19,13.610000
2024-04-22,13.030000
2024-04-23,13.400000
2024-04-24,13.160000
2024-04-25,13.020000
2024-04-26,12.820000
2024-04-29,12.600000
2024-04-30,12.710000
2024-05-01,12.690000
2024-05-02,13.460000
2024-05-03,13.450000
2024-05-06,13.570000
2024-05-07,14.600000
2024-05-08,13.930000
2024-05-09,13.660000
2024-05-10,13.740000
2024-05-13,13.270000
2024-05-14,12.950000
2024-05-15,12.620000
2024-05-16,12.750000
2024-05-17,12.730000
2024-05-20,12.830000
2024-05-21,12.380000
2024-05-22,12.140000
2024-05-23,12.100000
2024-05-24,12.260000
2024-05-28,12.000000
2024-05-29,12.080000
2024-05-30,12.160000
2024-05-31,11.940000
2024-06-03,12.120000
2024-06-04,12.250000
2024-06-05,12.060000
2024-06-06,12.060000
2024-06-07,11.840000
2024-06-10,11.460000
2024-06-11,11.420000
2024-06-12,11.940000
2024-06-13,12.120000
2024-06-14,11.770000
2024-06-17,11.960000
2024-06-18,11.870000
2024-06-20,11.920000
2024-06-21,11.780000
2024-06-24,11.440000
2024-06-25,11.400000
2024-06-26,11.800000
2024-06-27,11.920000
2024-06-28,12.240000
2024-07-01,12.500000
2024-07-02,11.860000
2024-07-03,12.000000
2024-07-05,11.330000
2024-07-08,11.520000
2024-07-09,11.660000
2024-07-10,11.980000
2024-07-11,11.940000
2024-07-12,12.080000
2024-07-15,11.720000
2024-07-16,11.600000
2024-07-17,11.690000
2024-07-18,11.800000
2024-07-19,11.760000
2024-07-22,11.770000
2024-07-23,11.490000
2024-07-24,11.640000
2024-07-25,11.360000
2024-07-26,11.060000
2024-07-29,11.230000
2024-07-30,10.830000
2024-07-31,10.720000
2024-08-01,10.890000
2024-08-02,10.940000
2024-08-05,10.770000
2024-08-06,10.980000
2024-08-07,10.770000
2024-08-08,10.900000
2024-08-09,10.710000
2024-08-12,10.580000
2024-08-13,10.830000
2024-08-14,10.900000
2024-08-15,10.770000
2024-08-16,10.690000
2024-08-19,10.450000
2024-08-20,10.690000
2024-08-21,10.800000
2024-08-22,10.592000
2024-08-23,10.410000
2024-08-26,10.660000
2024-08-27,10.690000
2024-08-28,10.695000
2024-08-29,11.140000
2024-08-30,11.110000
2024-09-03,10.500000
2024-09-04,10.620000
2024-09-05,10.740000
2024-09-06,10.740000
2024-09-09,10.570000
2024-09-10,10.560000
2024-09-11,10.750000
2024-09-12,10.620000
2024-09-13,10.270000
2024-09-16,10.370000
2024-09-17,10.350000
2024-09-18,10.680000
2024-09-19,10.570000
2024-09-20,10.400000
2024-09-23,10.620000
2024-09-24,10.740000
2024-09-25,10.650000
2024-09-26,10.720000
2024-09-27,10.450000
2024-09-30,10.740000
2024-10-01,10.190000
2024-10-02,10.080000
2024-10-03,10.350000
2024-10-04,10.260000
2024-10-07,10.220000
2024-10-08,9.790000
2024-10-09,9.330000
2024-10-10,9.540000
2024-10-11,9.410000
2024-10-14,9.040000
2024-10-15,8.520000
2024-10-16,8.100000
2024-10-17,8.420000
2024-10-18,8.220000
2024-10-21,7.930000
2024-10-22,7.930000
2024-10-23,8.060000
2024-10-24,7.930000
2024-10-25,7.810000
2024-10-28,7.530000
2024-10-29,7.870000
2024-10-30,7.480000
2024-10-31,7.480000
2024-11-01,7.470000
2024-11-04,7.780000
2024-11-05,7.850000
2024-11-06,7.650000
2024-11-07,7.890000
2024-11-08,8.150000
2024-11-11,8.460000
2024-11-12,8.300000
2024-11-13,8.490000
2024-11-14,8.450000
2024-11-15,8.500000
2024-11-18,7.990000
2024-11-19,7.800000
2024-11-20,7.664000
2024-11-21,7.500000
2024-11-22,7.230000
2024-11-25,7.451000
2024-11-26,7.410000
2024-11-27,6.800000
2024-11-29,6.650000
2024-12-02,6.350000
2024-12-03,6.350000
2024-12-04,6.440000
2024-12-05,6.620000
2024-12-06,6.490000
2024-12-09,6.200000
2024-12-10,6.020000
2024-12-11,5.710000
2024-12-12,5.900000
2024-12-13,6.100000
2024-12-16,6.070000
2024-12-17,5.850000
2024-12-18,6.060000
2024-12-19,6.010000
2024-12-20,6.220000
2024-12-23,6.250000
2024-12-24,6.130000
2024-12-26,6.065000
2024-12-27,6.100000
2024-12-30,5.920000
2024-12-31,6.080000
2025-01-02,6.250000
2025-01-03,6.260000
2025-01-06,5.820000
2025-01-07,5.630000
2025-01-08,5.550000
2025-01-10,6.700000
2025-01-13,5.840000
2025-01-14,6.130000
2025-01-15,5.890000
2025-01-16,5.730000
2025-01-17,5.720000
2025-01-21,5.610000
2025-01-22,5.280000
2025-01-23,5.140000
2025-01-24,5.140000
2025-01-27,5.320000
2025-01-28,5.280000
2025-01-29,5.320000
2025-01-30,5.490000
2025-01-31,5.770000
2025-02-03,5.470000
2025-02-04,5.870000
2025-02-05,5.990000
2025-02-06,5.800000
2025-02-07,5.860000
2025-02-10,5.780000
2025-02-11,5.680000
2025-02-12,5.510000
2025-02-13,5.500000
2025-02-14,5.640000
2025-02-18,6.080000
2025-02-19,5.990000
2025-02-20,6.450000
2025-02-21,6.320000
2025-02-24,6.090000
2025-02-25,6.260000
2025-02-26,6.400000
2025-02-27,6.170000
2025-02-28,6.400000
2025-03-03,6.150000
2025-03-04,6.000000
2025-03-05,6.290000
2025-03-06,6.500000
2025-03-07,6.570000
2025-03-10,6.550000
2025-03-11,6.680000
2025-03-12,7.140000
2025-03-13,6.850000
2025-03-14,6.950000
2025-03-17,6.860000
2025-03-18,6.730000
2025-03-19,6.500000
2025-03-20,6.775000
2025-03-21,6.910000
2025-03-24,6.750000
2025-03-25,6.510000
2025-03-26,6.400000
2025-03-27,6.350000
2025-03-28,6.360000
2025-03-31,6.250000
2025-04-01,6.500000
2025-04-02,6.370000
2025-04-03,6.020000
2025-04-04,5.620000
2025-04-07,5.380000
2025-04-08,5.360000
2025-04-09,5.330000
2025-04-10,5.600000
2025-04-11,5.630000
2025-04-14,5.750000
2025-04-15,5.690000
2025-04-16,5.720000
2025-04-17,5.740000
2025-04-21,5.730000
2025-04-22,5.600000
2025-04-23,5.880000
2025-04-24,5.830000
2025-04-25,5.920000
2025-04-28,5.780000
2025-04-29,5.570000
2025-04-30,5.765000
2025-05-01,5.950000
2025-05-02,5.840000
2025-05-05,5.914000
2025-05-06,5.620000
2025-05-07,5.620000
2025-05-08,5.420000
2025-05-09,5.430000
2025-05-12,5.540000
2025-05-13,5.300000
2025-05-14,5.460000
2025-05-15,5.550000
2025-05-16,5.504000
2025-05-19,5.310000
2025-05-20,5.360000
2025-05-21,5.340000
2025-05-22,5.210000
2025-05-23,5.150000
2025-05-27,5.150000
2025-05-28,5.167000
2025-05-29,5.190000
2025-05-30,5.190000
2025-06-02,5.100000
2025-06-03,5.200000
2025-06-04,5.420000
2025-06-05,5.490000
2025-06-06,5.410000
2025-06-09,5.372000
2025-06-10,5.520000
2025-06-11,5.650000
2025-06-12,5.730000
2025-06-13,5.870000
2025-06-16,5.680000
2025-06-17,5.630000
2025-06-18,5.620000
2025-06-20,5.730000
2025-06-23,5.780000
2025-06-24,5.735000
2025-06-25,5.800000
2025-06-26,5.660000
2025-06-27,5.584000
2025-06-30,5.550000
2025-07-01,5.630000
2025-07-02,5.770000
2025-07-03,5.930000
2025-07-07,6.070000
2025-07-08,6.180000
2025-07-09,6.250000
2025-07-10,6.660000
2025-07-11,7.090000
2025-07-14,7.260000
2025-07-15,6.780000
2025-07-16,7.250000
2025-07-17,7.610000
2025-07-18,7.400000
2025-07-21,7.350000
2025-07-22,7.670000
2025-07-23,7.520000
2025-07-24,7.420000
2025-07-25,7.150000
2025-07-28,7.246000
2025-07-29,6.940000
2025-07-30,7.020000
2025-07-31,7.400000
2025-08-01,7.460000
2025-08-04,7.310000
2025-08-05,7.770000
2025-08-06,7.730000
2025-08-07,7.750000
2025-08-08,7.800000
2025-08-11,7.900000
2025-08-12,8.020000
2025-08-13,8.167000
2025-08-14,8.130000
2025-08-15,8.020000
2025-08-18,8.080000
2025-08-19,7.773000
2025-08-20,8.040000
2025-08-21,8.160000
2025-08-22,8.410000
2025-08-25,8.500000
2025-08-26,8.600000
2025-08-27,8.300000
2025-08-28,8.350000
2025-08-29,8.370000
2025-09-02,8.020000
2025-09-03,8.140000
2025-09-04,8.063000
2025-09-05,8.040000
2025-09-08,8.150000
2025-09-09,8.390000
2025-09-10,8.220000
2025-09-11,8.115000
2025-09-12,8.100000
2025-09-15,8.210000
2025-09-16,8.040000
2025-09-17,8.140000
2025-09-18,8.200000
2025-09-19,8.160000
2025-09-22,8.060000
2025-09-23,8.250000
2025-09-24,8.380000
2025-09-25,8.200000
2025-09-26,8.050000
2025-09-29,7.770000
2025-09-30,7.510000
2025-10-01,7.580000
2025-10-02,7.780000
2025-10-03,7.720000
2025-10-06,7.866000
2025-10-07,8.000000
2025-10-08,7.600000
2025-10-09,7.700000
2025-10-10,8.180000
2025-10-13,8.640000
2025-10-14,8.200000
2025-10-15,8.520000
2025-10-16,8.330000
2025-10-17,8.160000
2025-10-20,8.240000
2025-10-21,8.380000
2025-10-22,8.230000
2025-10-23,7.820000
2025-10-24,7.850000
2025-10-27,7.970000
2025-10-28,7.953000
2025-10-29,8.200000
2025-10-30,8.250000
2025-10-31,8.100000
2025-11-03,7.920000
2025-11-04,8.180000
2025-11-05,8.300000
2025-11-06,8.500000
2025-11-07,8.350000
2025-11-10,8.370000
2025-11-11,8.420000
2025-11-12,8.480000
2025-11-13,8.700000
2025-11-14,8.600000
2025-11-17,8.800000
2025-11-18,8.990000
2025-11-19,8.900000
2025-11-20,8.920000
2025-11-21,8.950000
2025-11-24,9.190000
2025-11-25,9.230000
2025-11-26,9.200000
2025-11-28,8.770000
2025-12-01,9.340000
2025-12-02,9.250000
2025-12-03,9.300000
2025-12-04,9.270000
2025-12-05,9.000000
2025-12-08,9.250000
2025-12-09,8.830000
2025-12-10,9.013000
2025-12-11,8.840000
2025-12-12,8.680000
2025-12-15,8.920000
2025-12-16,8.770000
2025-12-17,8.420000
2025-12-18,8.656000
2025-12-19,8.700000
2025-12-22,8.880000
2025-12-23,8.740000
2025-12-24,8.770000
2025-12-26,8.750000
2025-12-29,8.740000
2025-12-30,8.680000
2025-12-31,8.770000
2026-01-02,8.460000
2026-01-05,8.720000
2026-01-06,8.810000
2026-01-07,8.790000
2026-01-08,9.140000
2026-01-09,8.850000
2026-01-12,8.730000
2026-01-13,8.721000
2026-01-14,9.040000
2026-01-15,9.480000
2026-01-16,9.800000
2026-01-20,10.240000
2026-01-21,10.070000
2026-01-22,10.000000
2026-01-23,10.360000
2026-01-26,10.980000
2026-01-27,11.260000
2026-01-28,11.010000
2026-01-29,11.480000
2026-01-30,11.530000
2026-02-02,11.200000
2026-02-03,10.550000
2026-02-04,10.850000
2026-02-05,10.710000
2026-02-06,10.650000
2026-02-09,10.950000
2026-02-10,11.180000
2026-02-11,11.440000
2026-02-12,11.300000
2026-02-13,11.490000
2026-02-17,11.680000
2026-02-18,11.760000
2026-02-19,11.660000
2026-02-20,11.730000
2026-02-23,11.770000
2026-02-24,11.870000
2026-02-25,11.680000
2026-02-26,11.910000
2026-02-27,12.070000
2026-03-02,12.220000
2026-03-03,12.500000
2026-03-04,11.910000
2026-03-05,11.520000
2026-03-06,10.460000
2026-03-09,10.260000
2026-03-10,10.230000
2026-03-11,10.700000
2026-03-12,10.400000
2026-03-13,10.490000
2026-03-16,10.670000
2026-03-17,10.430000
2026-03-18,10.700000
2026-03-19,10.020000
2026-03-20,10.010000
2026-03-23,9.990000
2026-03-24,9.800000
2026-03-25,10.000000
2026-03-26,10.000000
2026-03-27,9.930000
2026-03-30,9.940000
2026-03-31,9.970000
2026-04-01,10.325000
2026-04-02,10.450000
2026-04-06,9.940000
2026-04-07,10.440000
2026-04-08,10.600000
2026-04-09,10.300000
2026-04-10,10.700000
2026-04-13,11.060000
2026-04-14,11.420000
2026-04-15,11.400000
2026-04-16,11.130000
2026-04-17,11.440000
2026-04-20,11.304000
2026-04-21,11.350000
2026-04-22,11.400000
2026-04-23,11.340000
2026-04-24,10.900000
2026-04-27,11.270000
2026-04-28,11.450000
2026-04-29,11.850000
2026-04-30,11.720000
2026-05-01,11.730000
2026-05-04,11.790000
2026-05-05,12.180000
2026-05-06,12.110000
2026-05-07,12.100000
2026-05-08,12.106000
2026-05-11,12.650000
2026-05-12,13.290000
2026-05-13,13.330000
2026-05-14,12.950000
2026-05-15,13.180000
2026-05-18,12.850000
2026-05-19,12.650000
2026-05-20,12.110000
2026-05-21,12.500000
2026-05-22,12.675000
2026-05-26,12.880000
2026-05-27,12.875000
2026-05-28,13.150000
2026-05-29,12.940000
2026-06-01,13.035000
2026-06-02,12.940000
2026-06-03,12.620000
2026-06-04,12.660000
2026-06-05,12.700000
2026-06-08,12.370000
2026-06-09,12.370000
2026-06-10,12.500000
2026-06-11,12.520000
2026-06-12,12.320000
2026-06-15,11.990000
2026-06-16,12.130000
2026-06-17,11.880000
2026-06-18,11.570000
2026-06-22,11.580000
2026-06-23,11.770000
2026-06-24,11.700000
2026-06-25,11.400000
2026-06-26,11.270000
2026-06-29,11.630000
2026-06-30,11.870000
2026-07-01,12.052000
2026-07-02,12.270000
2026-07-06,12.960000
2026-07-07,12.760000
2026-07-08,12.835000
2026-07-09,12.950000
2026-07-10,12.890000
2026-07-13,13.330000
2026-07-14,13.100000
2026-07-15,12.840000
2026-07-16,12.650000
2026-07-17,12.660000
2026-07-20,12.190000
2026-07-21,12.620000
2026-07-22,12.510000
2026-07-23,12.680000
2026-07-24,12.570000
2026-07-27,12.380000
2026-07-28,12.610000
2026-07-29,12.780000
2026-07-30,13.360000
2026-07-31,13.420000
2026-08-03,13.950000
2026-08-04,13.910000
2026-08-05,13.970000
2026-08-06,13.940000
