# Presidentielle 2017, 1er tour, PARTS (% exprimes) par CIRCONSCRIPTION legislative et par PARTI.
# Source : ministere de l'Interieur, fichier 'Presidentielle_2017_Resultats_Tour_1.xls', feuille 'Circo. Leg. Tour 1'
#   (resultats provisoires ~9h30 le 24/04/2017 ; agregat national ~ officiel a ~0.25 pt pres ; 566 circos).
# circo_id normalise au format AA-CC (departement zfill2, circonscription zfill2) pour jointure avec 2022.
# Partis EXPLICITES : LFI=Melenchon, PS=Hamon, LR=Fillon, RN=Le Pen, ENS=Macron, DLF=Dupont-Aignan,
#   RES=Lassalle, NPA=Poutou, LO=Arthaud, UPR=Asselineau, SP=Cheminade. Lire avec comment='#'.
circo_id,departement,exprimes,ENS,RN,LR,LFI,PS,DLF,RES,NPA,LO,UPR,SP
01-01,01,64890,22.2,25.43,20.74,15.75,5.72,6.33,1.13,0.95,0.62,0.96,0.18
01-02,01,74756,23.27,25.84,21.02,15.67,4.85,6.03,0.8,0.79,0.51,1.05,0.17
01-03,01,57446,25.33,18.63,24.18,16.88,5.64,5.19,1.07,1.03,0.47,1.41,0.18
01-04,01,71203,22.04,27.29,22.12,13.68,4.66,6.77,0.98,0.89,0.58,0.8,0.19
01-05,01,57503,20.26,26.97,19.12,18.03,4.9,5.87,1.43,1.16,0.65,1.43,0.18
02-01,02,56349,18.58,35.8,15.55,16.47,4.58,5.07,0.83,1.11,1.08,0.75,0.17
02-02,02,56280,19.4,32.62,17.46,17.91,4.26,4.93,0.71,1.09,0.85,0.61,0.16
02-03,02,52281,15.26,39.98,16.55,15.28,4.03,5.02,0.85,1.13,1.04,0.68,0.19
02-04,02,59069,18.19,35.51,15.22,18.21,4.25,4.89,0.73,1.07,0.9,0.85,0.18
02-05,02,64220,18.03,34.85,16.75,16.9,4.1,5.46,0.82,1.08,0.93,0.86,0.22
03-01,03,68974,23.6,22.21,18.74,20.36,5.73,5.11,1.31,1.21,0.86,0.69,0.19
03-02,03,63230,23.38,21.72,17.29,22.38,5.71,4.84,1.59,1.27,0.87,0.78,0.18
03-03,03,60589,24.23,23.13,20.87,16.72,5.09,5.34,1.78,1.14,0.66,0.85,0.18
04-01,04,48644,19.66,26.34,17.16,22.07,5.01,4.91,1.85,1.26,0.57,0.94,0.22
04-02,04,51069,20.35,22.81,19.77,22.93,4.98,4.84,1.61,1.1,0.47,0.93,0.19
05-01,05,45614,22.37,22.59,18.1,20.89,5.94,5.59,1.68,1.17,0.51,1.02,0.14
05-02,05,41313,21.17,19.78,20.31,22.43,5.81,5.78,2.04,1.25,0.43,0.77,0.24
06-01,06,59842,21.02,23.64,26.85,17.81,4.51,3.26,0.82,0.58,0.31,1.06,0.12
06-02,06,67114,18.47,29.79,23.14,16.39,3.8,4.82,1.18,0.76,0.37,1.03,0.23
06-03,06,67103,19.75,26.87,24.64,17.73,4.13,3.86,0.85,0.61,0.32,1.09,0.14
06-04,06,65930,16.05,33.02,25.12,14.89,3.03,4.46,1.11,0.72,0.36,1.08,0.16
06-05,06,68079,18.34,30.55,24.83,15.56,3.46,4.27,1.03,0.56,0.27,1.01,0.12
06-06,06,61691,18.69,29.64,28.95,12.17,3.02,4.84,0.78,0.53,0.22,1.0,0.16
06-07,06,73654,21.81,22.45,31.03,13.38,3.95,4.46,0.84,0.6,0.25,1.05,0.18
06-08,06,62327,17.69,26.77,33.12,13.13,2.85,3.85,0.65,0.54,0.26,0.99,0.17
06-09,06,62180,19.33,27.17,29.08,13.56,3.45,4.63,0.77,0.63,0.27,0.97,0.14
07-01,07,61074,21.21,25.27,15.06,22.37,6.23,4.71,1.86,1.3,0.66,1.15,0.18
07-02,07,74367,23.12,22.9,19.04,18.35,5.84,6.15,1.57,1.23,0.7,0.91,0.18
07-03,07,61632,20.38,21.3,17.56,25.26,6.0,4.13,2.07,1.48,0.63,0.97,0.21
08-01,08,56478,18.8,32.27,18.65,16.01,4.69,5.73,0.92,1.07,0.88,0.79,0.19
08-02,08,46687,18.08,32.3,14.11,21.35,5.57,4.69,0.86,1.21,0.9,0.74,0.2
08-03,08,43638,18.0,32.71,18.69,16.41,4.56,5.46,1.11,1.2,1.06,0.66,0.15
09-01,09,44960,21.74,20.3,11.69,27.97,8.45,3.37,3.49,1.38,0.62,0.85,0.14
09-02,09,48428,20.14,22.99,13.73,25.65,7.31,3.83,3.58,1.16,0.58,0.87,0.16
10-01,10,51435,17.13,33.23,23.79,11.96,3.53,6.94,0.75,0.91,0.77,0.78,0.2
10-02,10,58612,20.03,29.55,23.55,13.42,4.08,6.29,0.69,0.81,0.67,0.74,0.16
10-03,10,51021,19.63,28.28,21.72,16.61,4.59,5.84,0.72,0.87,0.62,0.94,0.18
11-01,11,75390,20.34,29.01,14.2,21.45,6.59,3.78,2.0,1.21,0.58,0.68,0.16
11-02,11,67867,19.28,29.83,15.88,21.21,5.59,3.86,1.69,1.08,0.55,0.87,0.16
11-03,11,71096,20.52,25.98,15.19,21.88,6.83,3.93,2.79,1.21,0.54,0.95,0.17
12-01,12,62573,26.84,14.87,24.13,17.16,5.95,5.09,3.42,1.12,0.55,0.69,0.19
12-02,12,55799,26.58,15.82,17.94,22.05,6.56,4.61,3.46,1.3,0.68,0.83,0.16
12-03,12,58090,24.02,18.0,19.89,20.05,6.02,4.82,4.12,1.54,0.66,0.7,0.18
13-01,13,59676,18.93,29.63,21.29,19.45,3.98,3.93,0.81,0.65,0.31,0.86,0.14
13-02,13,62155,23.65,17.65,32.41,15.98,4.81,2.99,0.79,0.54,0.23,0.8,0.14
13-03,13,52940,18.24,31.01,15.96,24.36,4.17,3.26,0.74,0.64,0.32,1.15,0.15
13-04,13,40851,21.81,14.36,10.84,39.09,8.68,1.65,0.66,1.0,0.47,1.25,0.19
13-05,13,52226,22.08,19.6,20.21,25.07,6.96,2.99,0.87,0.79,0.37,0.89,0.16
13-06,13,56583,20.61,25.8,23.02,19.89,4.46,3.58,0.73,0.64,0.34,0.78,0.14
13-07,13,41652,16.97,26.08,7.69,38.63,5.13,2.01,0.55,0.83,0.6,1.29,0.22
13-08,13,78268,19.12,29.9,19.72,18.62,4.07,5.04,1.11,0.82,0.43,1.0,0.18
13-09,13,75772,17.9,28.03,22.12,20.88,3.76,4.14,1.02,0.75,0.36,0.87,0.17
13-10,13,85378,19.18,30.96,19.32,19.21,3.92,4.41,1.03,0.69,0.36,0.77,0.16
13-11,13,69914,22.74,23.0,24.36,18.79,4.42,3.89,0.9,0.67,0.29,0.78,0.16
13-12,13,71051,16.1,37.29,16.59,19.12,3.38,4.42,0.96,0.74,0.39,0.84,0.15
13-13,13,72012,14.74,32.12,11.72,29.88,3.76,3.99,1.03,0.97,0.63,0.99,0.16
13-14,13,77192,24.76,18.99,24.51,19.6,5.43,3.72,0.9,0.71,0.29,0.9,0.18
13-15,13,84141,17.94,30.42,22.36,17.0,3.81,4.92,1.35,0.81,0.45,0.76,0.19
13-16,13,69888,16.35,32.52,16.13,22.71,4.52,4.05,1.3,0.98,0.47,0.79,0.18
14-01,14,56869,29.27,12.59,20.19,21.6,9.39,3.83,0.56,1.17,0.61,0.64,0.14
14-02,14,53121,26.58,17.3,14.31,25.05,8.97,4.02,0.64,1.43,0.82,0.7,0.17
14-03,14,62115,20.46,26.62,19.73,17.87,5.53,5.63,0.84,1.44,0.97,0.77,0.16
14-04,14,80644,23.45,20.77,25.96,16.31,5.21,4.83,0.75,1.15,0.68,0.71,0.17
14-05,14,72783,25.74,20.64,22.02,16.52,6.45,5.28,0.75,1.17,0.64,0.64,0.17
14-06,14,76090,24.45,22.49,18.45,18.07,6.38,5.96,0.76,1.54,0.92,0.76,0.21
15-01,15,49464,28.89,17.25,21.56,16.78,5.81,4.31,2.66,1.21,0.71,0.63,0.19
15-02,15,42102,24.21,19.25,25.95,14.88,4.6,4.55,3.62,1.38,0.81,0.51,0.25
16-01,16,63425,27.48,17.95,16.11,22.31,7.72,4.17,1.31,1.19,0.67,0.9,0.21
16-02,16,64783,23.95,22.92,19.21,18.25,5.56,5.42,1.59,1.32,0.81,0.73,0.24
16-03,16,70805,23.94,23.11,15.66,20.88,5.75,5.44,1.73,1.57,0.99,0.7,0.23
17-01,17,79586,29.05,13.05,22.16,21.09,7.48,3.7,1.06,0.99,0.47,0.78,0.17
17-02,17,81594,24.95,20.07,17.8,21.11,6.19,5.44,1.4,1.43,0.69,0.76,0.17
17-03,17,63274,22.74,22.47,18.38,20.02,6.01,5.67,1.4,1.4,0.84,0.86,0.21
17-04,17,70139,21.38,25.68,21.08,16.42,4.62,5.99,1.7,1.37,0.77,0.81,0.19
17-05,17,87675,21.14,24.9,22.95,16.36,4.54,5.91,1.39,1.23,0.64,0.77,0.18
18-01,18,54885,23.06,21.83,22.1,17.94,5.49,5.35,1.08,1.23,0.85,0.87,0.21
18-02,18,52033,22.0,24.41,16.47,22.61,5.18,5.07,0.98,1.22,1.04,0.86,0.17
18-03,18,65765,21.24,25.96,18.65,18.37,5.24,6.06,1.25,1.21,0.95,0.85,0.22
19-01,19,73614,26.41,16.91,16.26,22.4,6.51,4.8,3.24,1.76,0.75,0.71,0.25
19-02,19,72000,27.47,17.78,18.69,19.26,6.21,4.88,2.59,1.42,0.69,0.8,0.2
2A-01,2A,34173,19.32,28.46,23.74,13.8,3.92,2.92,5.87,0.9,0.26,0.66,0.15
2A-02,2A,38694,16.59,28.77,27.39,13.88,3.12,3.15,5.02,0.9,0.33,0.67,0.17
2B-01,2B,39215,18.13,28.49,24.96,14.35,4.02,2.76,5.03,0.87,0.34,0.6,0.44
2B-02,2B,42293,19.85,26.04,25.76,12.99,3.92,2.75,6.73,0.9,0.34,0.58,0.15
21-01,21,55037,28.19,13.97,25.47,18.16,7.03,4.15,0.73,0.77,0.47,0.91,0.15
21-02,21,54058,24.51,21.91,20.0,18.8,6.34,5.09,0.81,0.98,0.55,0.83,0.17
21-03,21,55025,24.19,23.24,16.63,20.62,6.63,5.33,0.75,0.9,0.6,0.92,0.19
21-04,21,54404,20.24,26.45,20.95,17.05,5.02,5.88,1.2,1.28,0.88,0.84,0.19
21-05,21,66601,21.54,26.27,22.89,15.13,4.7,5.72,1.09,1.01,0.65,0.82,0.18
22-01,22,72645,30.93,14.31,16.7,21.32,9.32,3.81,0.74,1.35,0.69,0.66,0.17
22-02,22,80769,26.96,17.33,21.57,18.24,7.65,4.46,0.89,1.27,0.78,0.68,0.17
22-03,22,72302,27.77,19.04,19.22,17.76,7.07,5.11,0.91,1.44,0.86,0.65,0.17
22-04,22,64382,26.18,17.44,14.15,23.88,9.25,4.09,1.19,1.97,1.05,0.62,0.18
22-05,22,84871,28.02,14.52,19.27,20.71,9.71,3.84,1.03,1.35,0.71,0.68,0.15
23-01,23,70251,22.5,19.88,17.99,21.11,7.82,5.01,1.92,1.72,0.97,0.83,0.25
24-01,24,59451,22.87,20.15,15.83,25.01,6.72,4.36,2.03,1.4,0.61,0.85,0.18
24-02,24,64553,21.97,23.82,17.57,20.7,5.59,4.65,2.68,1.36,0.6,0.85,0.2
24-03,24,54090,21.49,21.56,17.85,22.42,6.09,4.85,2.43,1.57,0.79,0.74,0.21
24-04,24,70616,23.42,18.45,17.14,23.75,6.91,4.54,2.55,1.45,0.63,0.96,0.2
25-01,25,57867,24.91,19.9,18.61,21.24,7.23,4.52,0.74,1.09,0.64,0.97,0.16
25-02,25,61437,25.19,18.25,21.08,20.43,6.93,4.36,0.82,1.13,0.62,0.96,0.23
25-03,25,50005,20.19,28.27,20.69,16.24,4.88,5.33,0.93,1.37,0.83,1.12,0.15
25-04,25,49711,19.45,31.48,15.92,17.87,5.52,5.14,0.86,1.26,1.02,1.31,0.17
25-05,25,65159,21.95,21.67,27.55,13.74,4.14,6.47,1.08,1.43,0.58,1.18,0.2
26-01,26,57284,24.4,19.59,20.12,20.45,6.88,4.7,0.97,1.06,0.58,1.11,0.15
26-02,26,71501,20.73,28.34,17.94,18.51,4.93,5.47,1.28,1.01,0.58,1.02,0.18
26-03,26,85984,21.65,21.2,18.09,22.73,6.6,4.85,1.77,1.28,0.63,1.01,0.19
26-04,26,73971,21.36,26.07,18.24,18.24,5.75,5.71,1.19,1.0,1.23,1.02,0.21
27-01,27,67226,19.87,29.22,20.1,16.51,4.81,5.77,0.8,1.05,0.8,0.9,0.17
27-02,27,62611,20.53,28.82,19.17,17.12,5.11,5.5,0.73,1.21,0.84,0.77,0.2
27-03,27,67599,18.95,30.19,20.05,16.52,4.52,5.97,0.82,1.22,0.81,0.77,0.18
27-04,27,70029,20.49,28.23,16.16,19.98,5.61,5.79,0.7,1.25,0.71,0.93,0.16
27-05,27,69310,19.63,30.08,18.83,17.13,5.16,5.31,0.82,1.12,0.76,0.97,0.19
28-01,28,70492,25.13,20.13,22.58,16.71,5.94,5.83,0.83,0.99,0.63,1.06,0.18
28-02,28,55680,19.84,26.45,19.97,18.78,5.59,5.56,0.73,1.01,0.72,1.14,0.19
28-03,28,55024,21.71,26.07,21.64,15.42,5.12,6.16,0.85,1.18,0.85,0.79,0.2
28-04,28,53583,19.28,29.16,23.01,13.65,4.11,6.54,0.9,1.4,0.95,0.81,0.2
29-01,29,72932,32.72,12.01,18.54,18.22,10.76,4.0,0.93,1.41,0.6,0.68,0.14
29-02,29,59749,29.4,12.56,16.24,21.78,13.43,3.44,0.68,1.14,0.47,0.71,0.14
29-03,29,72742,28.89,14.5,18.12,18.71,11.38,4.64,1.03,1.24,0.63,0.73,0.14
29-04,29,66994,29.04,12.57,18.92,20.88,10.93,3.66,1.12,1.45,0.69,0.57,0.19
29-05,29,78076,30.19,13.75,19.39,17.81,10.86,4.47,0.99,1.27,0.59,0.52,0.16
29-06,29,72498,27.86,14.9,17.44,20.12,10.51,4.27,1.43,1.88,0.74,0.7,0.15
29-07,29,64716,29.73,13.87,17.75,20.35,9.82,4.02,1.36,1.58,0.75,0.62,0.16
29-08,29,69477,27.64,16.72,16.71,20.22,9.87,3.97,1.32,1.86,0.75,0.79,0.16
30-01,30,65174,19.08,28.78,18.18,21.72,4.72,3.94,1.07,0.82,0.44,1.11,0.15
30-02,30,71263,17.46,33.54,18.01,18.84,4.07,4.55,1.29,0.82,0.41,0.86,0.15
30-03,30,74614,19.66,29.34,18.81,18.54,4.83,4.73,1.43,0.92,0.52,1.05,0.17
30-04,30,71894,18.04,30.77,15.15,22.82,4.6,4.33,1.59,1.03,0.57,0.93,0.16
30-05,30,75622,18.57,26.52,14.4,26.54,5.49,3.72,1.8,1.25,0.59,0.96,0.16
30-06,30,62115,20.04,26.64,19.1,20.95,5.54,4.09,1.21,0.88,0.44,0.93,0.17
31-01,31,63567,28.95,11.18,16.38,26.84,9.67,3.06,1.51,0.99,0.37,0.89,0.17
31-02,31,78503,27.57,14.13,17.24,24.89,8.51,3.73,1.55,0.93,0.42,0.87,0.16
31-03,31,63262,29.19,10.08,25.09,20.85,8.43,3.02,1.36,0.74,0.33,0.74,0.16
31-04,31,51231,26.71,9.15,16.77,30.39,10.95,2.39,1.17,1.0,0.37,0.93,0.18
31-05,31,80938,23.93,22.58,15.49,21.81,6.55,5.08,1.98,1.05,0.5,0.85,0.19
31-06,31,91652,29.0,17.4,14.87,22.4,7.96,4.29,1.7,0.92,0.45,0.82,0.18
31-07,31,80704,23.01,23.37,14.26,22.62,7.54,4.49,2.15,1.05,0.55,0.78,0.18
31-08,31,66707,21.31,23.56,14.58,21.47,7.53,4.06,4.77,1.19,0.56,0.79,0.19
31-09,31,60991,25.79,15.16,14.13,27.58,9.7,3.34,1.61,1.11,0.46,0.92,0.2
31-10,31,81316,28.74,15.73,17.39,21.33,8.3,4.15,2.13,0.93,0.37,0.75,0.18
32-01,32,60177,24.14,18.62,16.8,20.59,8.48,4.33,4.37,1.06,0.57,0.89,0.15
32-02,32,58506,22.65,20.82,19.15,18.29,7.56,4.74,4.15,1.05,0.57,0.85,0.16
33-01,33,73593,31.45,9.67,24.83,19.26,8.0,2.87,1.34,1.2,0.32,0.9,0.16
33-02,33,50569,31.87,6.0,21.0,24.41,11.2,2.04,1.12,1.21,0.23,0.8,0.13
33-03,33,61138,28.37,11.34,12.02,29.59,10.71,3.14,1.68,1.57,0.4,0.98,0.2
33-04,33,69524,24.64,19.84,12.2,25.48,8.31,4.25,1.69,1.8,0.57,1.04,0.2
33-05,33,87495,23.42,24.14,15.01,20.95,6.15,4.84,2.01,2.06,0.53,0.73,0.14
33-06,33,82511,31.06,14.02,16.31,21.5,8.4,4.35,1.53,1.44,0.39,0.83,0.17
33-07,33,60820,31.54,11.77,15.55,23.37,9.31,4.01,1.72,1.37,0.37,0.8,0.17
33-08,33,86274,24.68,18.88,24.6,17.07,5.13,4.76,2.19,1.31,0.41,0.78,0.2
33-09,33,75728,23.92,20.7,14.92,22.73,7.21,4.62,2.66,1.58,0.62,0.83,0.2
33-10,33,63512,22.3,25.21,17.81,18.93,6.07,4.5,2.24,1.55,0.46,0.72,0.2
33-11,33,72182,19.41,30.78,13.26,20.06,5.64,5.27,2.07,1.84,0.7,0.77,0.19
33-12,33,67469,23.22,21.34,16.47,21.94,6.86,4.41,2.69,1.58,0.53,0.77,0.18
34-01,34,65495,22.85,22.14,19.09,23.17,5.77,3.54,1.11,0.76,0.33,1.11,0.14
34-02,34,43412,24.58,10.98,15.89,33.71,9.5,2.04,0.68,0.97,0.35,1.16,0.15
34-03,34,69268,25.12,19.01,20.8,21.31,6.62,3.83,1.1,0.79,0.29,1.0,0.14
34-04,34,90905,20.69,25.16,16.42,23.79,5.73,4.09,1.57,0.97,0.44,1.0,0.12
34-05,34,74975,17.51,29.72,14.59,23.7,5.59,3.97,2.12,1.22,0.55,0.87,0.17
34-06,34,69694,17.01,34.04,18.23,19.13,4.33,3.72,1.51,0.76,0.41,0.72,0.14
34-07,34,79698,17.0,32.1,18.72,20.36,4.44,3.88,1.26,0.9,0.45,0.74,0.14
34-08,34,69180,20.84,26.01,15.84,23.89,5.95,3.83,1.22,0.89,0.38,0.99,0.16
34-09,34,64217,21.54,25.27,18.8,21.72,5.64,3.54,1.19,0.84,0.32,1.02,0.14
35-01,35,71832,33.53,9.99,15.21,22.88,11.62,3.67,0.58,1.02,0.62,0.7,0.18
35-02,35,77508,35.02,9.08,19.23,19.89,10.54,3.34,0.64,0.96,0.54,0.59,0.17
35-03,35,71194,29.76,16.04,17.02,20.12,8.68,4.71,0.82,1.24,0.79,0.65,0.17
35-04,35,74571,26.97,18.94,16.29,20.22,8.0,5.5,0.85,1.48,0.83,0.71,0.2
35-05,35,86103,29.47,15.38,21.52,17.34,6.75,5.77,0.78,1.26,0.9,0.66,0.17
35-06,35,71559,26.81,19.1,20.14,17.15,7.08,5.57,0.95,1.38,0.95,0.68,0.19
35-07,35,78876,27.84,16.17,24.56,16.97,6.87,4.15,0.83,1.09,0.68,0.69,0.13
35-08,35,67692,32.99,7.72,17.18,24.0,12.5,2.82,0.57,0.98,0.45,0.64,0.15
36-01,36,60391,21.63,23.51,19.71,19.57,5.8,5.21,1.24,1.28,0.97,0.85,0.22
36-02,36,70543,20.18,25.22,19.24,18.59,6.07,5.71,1.38,1.4,1.14,0.83,0.24
37-01,37,50843,27.2,11.07,22.04,23.8,9.21,3.46,0.69,0.99,0.56,0.8,0.18
37-02,37,72010,23.64,21.41,20.2,18.59,6.19,6.1,0.84,1.25,0.73,0.84,0.21
37-03,37,78104,24.61,19.65,20.7,18.96,6.34,5.84,0.91,1.18,0.84,0.76,0.21
37-04,37,71461,23.72,20.13,20.28,19.66,6.81,5.39,0.97,1.25,0.93,0.68,0.17
37-05,37,67487,23.91,20.37,23.39,17.17,5.84,5.77,0.85,1.03,0.7,0.77,0.22
38-01,38,65404,32.57,8.93,24.03,20.46,8.82,2.73,0.61,0.64,0.33,0.74,0.14
38-02,38,58316,25.81,19.62,13.72,25.82,7.26,4.04,0.9,1.05,0.56,1.04,0.17
38-03,38,43993,26.66,15.67,12.77,28.48,9.31,3.68,0.64,1.08,0.54,1.02,0.15
38-04,38,70358,25.25,20.32,17.52,21.28,6.88,4.92,1.11,1.05,0.56,0.94,0.18
38-05,38,80744,26.65,19.5,16.1,21.55,7.46,4.99,1.0,1.05,0.51,1.01,0.17
38-06,38,64038,20.86,31.2,17.32,16.14,4.51,6.3,0.94,0.89,0.55,1.11,0.17
38-07,38,71679,20.83,29.51,16.75,17.54,4.84,6.35,1.33,1.09,0.63,0.95,0.19
38-08,38,61008,23.05,26.41,17.97,17.62,5.45,5.88,1.01,0.93,0.52,1.0,0.16
38-09,38,75579,24.98,21.52,17.34,20.04,6.77,5.47,1.16,0.99,0.6,0.92,0.2
38-10,38,71388,21.7,28.28,15.54,19.34,5.45,5.9,0.97,0.88,0.6,1.17,0.18
39-01,39,51469,22.36,23.12,18.47,20.92,5.26,5.59,1.29,1.2,0.75,0.85,0.19
39-02,39,43290,20.89,22.8,20.68,19.21,4.9,6.35,1.56,1.56,0.77,1.06,0.23
39-03,39,54810,20.7,26.16,18.09,20.53,5.04,5.31,1.19,1.25,0.78,0.8,0.16
40-01,40,80143,24.19,19.66,16.83,19.45,8.64,4.97,3.53,1.19,0.56,0.8,0.17
40-02,40,89348,25.67,16.25,18.7,20.97,7.66,4.11,4.16,1.09,0.45,0.79,0.14
40-03,40,78500,23.88,18.72,15.65,19.93,9.92,4.29,5.03,1.21,0.5,0.72,0.14
41-01,41,63944,23.45,21.69,20.52,17.71,7.17,5.81,0.83,1.11,0.71,0.82,0.17
41-02,41,63494,19.64,28.3,21.98,15.4,4.59,6.19,1.02,1.13,0.79,0.72,0.24
41-03,41,66300,19.86,25.38,23.64,15.8,5.22,6.04,1.0,1.16,0.88,0.81,0.21
42-01,42,48392,24.5,20.07,17.12,22.68,7.52,4.42,0.96,1.05,0.55,0.97,0.16
42-02,42,38360,25.12,16.86,18.15,24.15,8.19,3.83,0.78,1.04,0.6,1.1,0.17
42-03,42,62221,23.3,24.67,17.73,18.6,5.71,6.2,1.11,0.99,0.55,0.98,0.16
42-04,42,78351,21.74,27.0,16.42,19.56,5.35,5.85,1.28,1.11,0.66,0.85,0.18
42-05,42,79407,22.98,25.21,19.48,16.87,5.14,6.08,1.48,1.08,0.73,0.78,0.17
42-06,42,84636,22.93,25.42,20.36,15.19,4.83,6.86,1.66,1.02,0.71,0.82,0.18
43-01,43,77452,23.22,24.94,17.78,17.55,5.19,6.31,1.91,1.36,0.76,0.76,0.21
43-02,43,62122,23.88,20.71,19.61,19.04,5.5,5.56,2.63,1.4,0.73,0.75,0.2
44-01,44,60406,32.8,7.49,23.89,20.74,9.48,3.01,0.56,0.89,0.31,0.67,0.16
44-02,44,69424,30.78,6.3,21.38,25.42,11.13,2.32,0.51,0.87,0.34,0.83,0.12
44-03,44,72867,29.61,11.76,14.87,26.52,10.34,3.68,0.58,1.14,0.51,0.84,0.16
44-04,44,71982,30.64,11.26,14.59,26.22,10.03,3.91,0.61,1.21,0.59,0.76,0.16
44-05,44,97228,32.18,11.97,19.18,20.7,7.99,4.71,0.73,1.11,0.5,0.76,0.17
44-06,44,89420,24.47,19.56,19.86,19.79,6.5,5.54,0.93,1.57,0.83,0.76,0.19
44-07,44,89104,26.31,16.01,25.96,17.9,5.48,4.68,0.81,1.28,0.57,0.81,0.17
44-08,44,67073,27.38,16.4,13.08,26.5,8.5,4.28,0.78,1.31,0.86,0.75,0.16
44-09,44,97107,24.62,18.41,21.05,20.13,6.17,5.83,0.95,1.25,0.71,0.7,0.18
44-10,44,96846,29.84,13.79,21.0,19.51,6.99,5.55,0.79,1.1,0.58,0.69,0.17
45-01,45,60090,28.94,15.77,23.46,16.6,6.86,5.2,0.77,0.86,0.55,0.81,0.18
45-02,45,66175,24.94,20.86,21.08,17.34,6.54,5.57,0.86,1.09,0.67,0.86,0.19
45-03,45,56472,21.1,26.9,21.36,14.73,4.95,6.9,1.09,1.1,0.7,0.96,0.21
45-04,45,57311,18.96,29.96,20.91,15.69,4.32,6.31,0.98,0.99,0.73,0.94,0.21
45-05,45,58192,20.39,28.25,19.63,16.3,4.92,6.46,0.95,1.2,0.79,0.88,0.22
45-06,45,57332,26.11,20.19,21.17,17.26,6.72,5.31,0.77,0.91,0.58,0.8,0.17
46-01,46,57358,25.72,17.21,16.59,23.57,7.26,4.2,2.52,1.35,0.57,0.78,0.22
46-02,46,53427,27.66,14.96,16.74,23.39,7.08,4.01,3.05,1.41,0.74,0.8,0.18
47-01,47,69322,21.98,24.06,18.55,19.03,5.84,4.67,3.25,1.09,0.5,0.88,0.15
47-02,47,60376,19.77,26.53,18.17,18.77,5.49,5.06,3.37,1.24,0.59,0.82,0.2
47-03,47,59124,20.43,24.65,18.6,19.44,5.54,5.26,3.03,1.34,0.58,0.94,0.18
48-01,48,48147,21.73,18.89,22.82,19.7,5.68,4.56,3.66,1.42,0.61,0.74,0.19
49-01,49,66823,28.07,13.17,24.73,18.51,7.75,4.47,0.67,1.06,0.65,0.78,0.15
49-02,49,72299,28.53,13.86,21.9,19.56,7.66,4.82,0.74,1.2,0.83,0.74,0.17
49-03,49,56419,20.29,24.65,23.61,16.26,5.22,5.99,0.82,1.36,0.98,0.62,0.2
49-04,49,60004,22.96,21.99,24.88,14.85,5.45,6.0,0.84,1.33,0.83,0.68,0.19
49-05,49,62088,30.26,14.45,24.34,15.6,5.65,5.86,0.72,1.25,0.87,0.85,0.16
49-06,49,77821,26.97,16.45,23.46,16.52,6.26,6.25,0.84,1.31,0.96,0.79,0.18
49-07,49,63502,27.24,16.12,23.47,17.56,6.68,5.31,0.68,1.2,0.78,0.77,0.18
50-01,50,69374,25.04,21.8,21.88,15.79,5.99,5.75,0.72,1.33,0.89,0.62,0.18
50-02,50,76310,24.21,18.94,25.73,14.98,5.48,6.47,0.92,1.41,0.97,0.71,0.19
50-03,50,86459,24.08,21.91,21.94,16.55,5.87,5.63,0.89,1.38,0.84,0.69,0.23
50-04,50,68835,26.34,19.19,16.28,20.99,8.52,4.8,0.81,1.38,0.75,0.7,0.22
51-01,51,54730,23.7,23.83,20.85,17.4,5.74,5.14,0.64,0.91,0.75,0.88,0.19
51-02,51,55808,23.9,22.69,23.5,16.02,5.48,5.09,0.76,0.89,0.67,0.85,0.16
51-03,51,61643,19.28,29.33,22.58,14.74,4.3,6.02,0.87,1.02,0.75,0.91,0.19
51-04,51,60239,20.45,28.37,20.88,15.97,4.84,5.9,0.86,0.96,0.77,0.82,0.18
51-05,51,61349,17.02,35.2,22.91,11.83,3.12,6.48,0.86,0.92,0.76,0.7,0.18
52-01,52,55848,20.19,28.18,20.34,16.04,4.65,6.23,1.22,1.29,0.89,0.75,0.21
52-02,52,46592,15.38,39.25,17.66,13.78,3.64,6.31,0.95,1.09,0.92,0.84,0.17
53-01,53,58700,27.54,16.07,25.51,16.16,6.17,4.98,0.71,1.17,0.85,0.68,0.16
53-02,53,63301,26.1,15.92,28.99,14.32,5.52,5.51,0.84,1.2,0.74,0.68,0.17
53-03,53,58231,24.47,18.81,26.52,14.16,5.38,6.35,0.99,1.37,1.12,0.61,0.22
54-01,54,61763,26.1,16.97,19.84,20.8,8.16,4.62,0.73,1.07,0.58,0.93,0.2
54-02,54,53051,29.05,15.02,21.63,18.87,8.08,4.01,0.7,0.9,0.52,1.01,0.21
54-03,54,59494,20.43,26.41,12.85,26.48,5.23,4.44,0.78,1.43,0.88,0.9,0.18
54-04,54,76422,19.18,31.93,16.34,17.31,5.24,5.76,1.04,1.24,0.97,0.84,0.16
54-05,54,62415,19.58,31.31,16.46,16.57,5.73,6.15,0.95,1.2,0.85,0.96,0.23
54-06,54,66521,19.75,30.2,12.8,22.72,5.42,5.21,0.84,1.21,0.79,0.86,0.19
55-01,55,60814,19.22,32.43,17.55,14.95,4.71,6.58,1.26,1.38,0.81,0.89,0.21
55-02,55,46231,19.52,32.18,18.63,14.98,4.44,6.06,1.14,1.27,0.85,0.68,0.24
56-01,56,86871,31.3,12.92,25.98,15.14,7.36,4.19,0.82,0.97,0.48,0.66,0.19
56-02,56,85436,26.74,16.89,22.35,17.7,7.63,4.72,1.12,1.33,0.61,0.74,0.17
56-03,56,75273,27.05,21.26,19.06,16.57,6.27,5.35,1.16,1.57,0.83,0.68,0.2
56-04,56,86390,25.1,21.24,20.7,17.2,6.29,5.38,0.95,1.41,0.83,0.69,0.2
56-05,56,61851,30.04,14.84,18.77,19.77,9.21,3.83,0.83,1.17,0.66,0.7,0.17
56-06,56,73014,27.36,18.82,16.97,19.43,7.68,5.05,1.29,1.66,0.82,0.7,0.22
57-01,57,68093,23.03,25.95,16.26,20.55,5.94,4.49,0.73,1.08,0.8,1.02,0.16
57-02,57,57749,24.24,23.06,20.49,17.09,5.98,5.47,0.83,0.95,0.62,1.05,0.22
57-03,57,56357,25.14,22.79,19.07,17.72,6.52,5.1,0.83,1.1,0.59,0.94,0.2
57-04,57,63974,17.4,33.71,19.55,12.7,4.04,7.81,1.32,1.22,1.05,0.97,0.23
57-05,57,55673,18.59,32.7,18.28,13.56,4.12,7.09,1.85,1.45,1.07,1.06,0.24
57-06,57,49213,16.89,33.68,14.4,19.91,4.68,5.77,0.99,1.34,0.95,1.17,0.22
57-07,57,68111,18.08,33.6,15.54,16.95,4.76,6.41,1.04,1.35,1.03,1.03,0.21
57-08,57,64662,20.1,28.19,11.41,25.15,6.05,4.43,0.78,1.51,0.92,1.29,0.18
57-09,57,75394,24.92,22.9,19.4,17.23,5.27,5.87,1.0,1.22,0.87,1.1,0.23
58-01,58,56562,23.37,24.11,16.6,20.24,6.53,5.16,1.03,1.21,0.76,0.79,0.2
58-02,58,63852,22.14,25.34,17.83,18.22,6.51,5.52,1.22,1.35,0.9,0.8,0.19
59-01,59,44580,24.01,15.46,13.56,30.41,10.43,2.79,0.47,1.03,0.64,1.06,0.15
59-02,59,64829,23.88,18.01,13.48,28.68,8.99,3.52,0.54,0.98,0.63,1.11,0.17
59-03,59,67539,15.9,36.44,14.05,20.51,4.7,4.76,0.72,1.0,0.95,0.83,0.15
59-04,59,76916,26.61,17.73,23.73,18.11,6.41,4.53,0.58,0.82,0.57,0.72,0.2
59-05,59,78927,21.72,27.66,16.93,19.14,5.84,5.58,0.58,0.88,0.71,0.77,0.2
59-06,59,73139,24.29,22.67,23.77,15.81,5.2,5.48,0.66,0.68,0.62,0.67,0.15
59-07,59,54756,22.99,20.13,21.94,21.56,5.79,4.57,0.48,0.82,0.55,1.0,0.18
59-08,59,44326,20.41,24.98,10.91,29.6,6.71,3.52,0.49,1.02,0.79,1.4,0.17
59-09,59,68656,25.05,13.83,30.2,18.38,6.31,3.52,0.55,0.77,0.44,0.81,0.14
59-10,59,57748,19.8,26.87,18.08,21.41,5.25,5.07,0.65,1.02,0.71,1.0,0.15
59-11,59,68327,22.07,22.54,16.85,22.76,7.79,4.58,0.61,1.01,0.75,0.84,0.18
59-12,59,70655,15.9,36.02,15.44,19.45,4.12,5.61,0.75,0.92,0.95,0.67,0.16
59-13,59,65156,16.69,32.97,10.76,24.63,5.74,4.79,0.67,1.36,1.12,1.09,0.18
59-14,59,78277,18.25,32.62,17.61,16.98,4.53,6.09,0.91,1.18,0.92,0.72,0.2
59-15,59,76432,19.29,29.81,19.12,17.33,4.69,5.92,0.84,1.2,0.96,0.67,0.16
59-16,59,61849,14.94,37.06,9.29,26.09,4.85,4.26,0.6,1.02,1.05,0.67,0.18
59-17,59,55377,17.49,32.89,14.31,22.21,5.12,4.63,0.59,0.97,0.78,0.83,0.19
59-18,59,69004,16.99,35.63,16.9,16.52,4.12,6.24,0.64,0.94,1.02,0.81,0.19
59-19,59,59244,14.74,39.36,9.67,23.76,4.95,4.19,0.51,0.92,0.99,0.78,0.15
59-20,59,57718,15.77,37.59,11.3,22.5,4.4,4.88,0.55,1.03,1.02,0.77,0.19
59-21,59,60348,19.0,30.34,16.57,21.25,4.59,4.8,0.6,0.87,0.83,0.97,0.18
60-01,60,64485,19.01,34.69,15.86,16.37,4.58,5.37,0.79,1.28,1.03,0.84,0.18
60-02,60,70238,17.98,35.01,17.48,15.47,4.19,5.95,0.83,1.11,0.97,0.8,0.2
60-03,60,55816,18.77,29.58,13.21,23.31,5.42,5.28,0.72,1.11,0.82,1.59,0.19
60-04,60,73480,22.13,25.05,25.22,14.56,4.39,5.28,0.83,0.78,0.5,1.09,0.17
60-05,60,56309,20.96,29.97,17.07,17.65,4.95,5.48,0.8,1.08,0.81,1.05,0.17
60-06,60,58826,20.07,30.6,18.52,17.36,4.37,5.27,0.74,1.06,0.92,0.9,0.2
60-07,60,58639,19.52,31.43,13.41,20.68,5.16,5.59,0.72,1.13,0.87,1.27,0.23
61-01,61,55412,23.11,21.63,25.03,15.01,5.73,5.58,0.91,1.31,0.86,0.62,0.2
61-02,61,53686,18.67,26.9,27.23,13.17,4.26,5.83,0.91,1.2,0.84,0.78,0.21
61-03,61,56959,22.8,23.0,22.11,16.07,5.61,6.01,0.86,1.37,1.02,0.93,0.22
62-01,62,84541,17.95,35.12,18.35,14.91,4.22,5.68,0.81,1.08,1.0,0.7,0.17
62-02,62,67509,24.02,24.15,17.9,18.74,6.39,5.14,0.79,1.05,0.91,0.74,0.18
62-03,62,61016,14.2,39.94,7.69,25.04,5.59,3.76,0.52,1.11,1.17,0.82,0.17
62-04,62,69860,23.44,27.2,22.16,14.3,4.12,5.34,0.72,1.06,0.95,0.56,0.14
62-05,62,67658,21.06,28.9,15.31,20.81,5.77,4.61,0.71,1.11,1.01,0.53,0.19
62-06,62,74176,18.37,33.19,17.85,16.04,4.87,6.13,0.83,1.01,0.98,0.53,0.2
62-07,62,68658,17.17,35.88,13.37,19.98,4.8,5.26,0.69,1.02,0.92,0.74,0.17
62-08,62,71595,20.06,32.93,14.17,18.81,5.03,5.06,0.79,1.08,1.32,0.56,0.18
62-09,62,61663,19.56,31.76,16.38,18.3,5.04,5.53,0.74,0.95,0.93,0.64,0.17
62-10,62,66278,15.26,39.78,9.91,21.23,5.67,4.37,0.61,1.2,1.18,0.61,0.17
62-11,62,69354,14.55,41.17,8.22,23.13,5.31,4.01,0.56,1.1,0.96,0.87,0.13
62-12,62,70844,15.47,42.19,8.49,20.15,5.56,4.43,0.57,1.2,1.17,0.62,0.15
63-01,63,61686,29.37,15.46,14.33,24.25,8.58,3.74,1.28,1.18,0.66,0.94,0.21
63-02,63,68879,25.42,19.78,15.9,21.46,7.03,4.85,2.2,1.5,0.85,0.8,0.2
63-03,63,69586,30.04,12.66,21.53,19.47,7.7,3.94,2.03,1.11,0.59,0.68,0.24
63-04,63,77257,27.56,17.16,14.96,23.31,7.27,4.56,1.98,1.41,0.77,0.78,0.23
63-05,63,79169,23.96,22.48,15.29,21.62,5.94,4.71,2.65,1.39,0.88,0.9,0.18
64-01,64,53537,29.58,14.06,16.86,20.62,8.44,3.95,4.12,1.08,0.37,0.78,0.13
64-02,64,64376,29.5,15.51,16.88,18.84,7.38,4.13,5.51,1.04,0.38,0.7,0.13
64-03,64,65718,25.49,16.68,13.88,20.82,8.28,4.04,8.2,1.28,0.51,0.7,0.11
64-04,64,63889,22.34,11.79,15.59,19.61,7.28,3.38,16.11,2.58,0.61,0.57,0.14
64-05,64,70953,26.33,13.41,19.85,21.0,8.03,3.63,4.95,1.43,0.38,0.87,0.12
64-06,64,77180,25.17,11.47,24.36,18.81,7.16,3.32,6.39,2.1,0.47,0.62,0.13
65-01,65,68546,25.79,17.91,13.34,23.83,7.57,4.12,4.85,1.19,0.54,0.71,0.13
65-02,65,70995,24.4,19.23,15.61,22.2,6.67,4.28,5.08,1.07,0.56,0.75,0.15
66-01,66,53092,19.55,27.9,18.36,21.43,5.17,3.65,1.35,1.0,0.51,0.88,0.19
66-02,66,74794,17.32,34.2,17.28,19.24,4.07,3.71,1.63,1.06,0.54,0.78,0.17
66-03,66,63416,18.52,27.55,16.77,22.75,5.95,3.56,1.97,1.32,0.54,0.9,0.17
66-04,66,75485,18.77,29.55,16.64,21.46,5.15,3.67,1.91,1.18,0.6,0.9,0.16
67-01,67,47239,28.64,9.74,21.38,24.82,9.8,2.32,0.61,0.91,0.39,1.26,0.13
67-02,67,52813,26.54,15.69,18.34,22.84,8.92,3.77,0.85,0.98,0.59,1.29,0.2
67-03,67,51700,25.39,16.84,20.25,21.82,7.45,4.35,0.8,0.93,0.57,1.42,0.17
67-04,67,75783,25.17,21.37,25.46,13.33,5.05,6.22,0.9,0.79,0.55,0.99,0.17
67-05,67,81547,20.64,28.18,21.1,13.25,4.37,7.65,1.23,1.27,0.96,1.13,0.21
67-06,67,75514,20.85,27.4,22.59,12.75,4.45,7.39,1.3,1.12,0.86,1.02,0.26
67-07,67,67470,18.63,31.86,21.26,11.2,3.66,8.29,1.4,1.21,1.11,1.15,0.21
67-08,67,73535,18.27,32.93,21.96,9.73,3.37,8.63,1.2,1.42,1.2,1.07,0.21
67-09,67,72185,20.68,28.3,23.8,11.17,4.23,7.54,1.07,1.08,0.77,1.14,0.22
68-01,68,57972,21.84,25.91,21.9,14.07,5.08,6.4,1.16,1.16,0.82,1.4,0.26
68-02,68,72782,20.15,26.41,22.35,13.95,4.63,7.46,1.57,1.23,0.82,1.17,0.24
68-03,68,67045,17.98,26.99,27.18,11.47,3.62,8.26,1.27,1.08,0.72,1.14,0.27
68-04,68,80093,17.61,32.36,18.77,14.28,4.16,7.84,1.23,1.35,0.87,1.28,0.24
68-05,68,56934,22.85,20.96,24.33,16.21,5.85,5.58,1.06,0.95,0.61,1.38,0.23
68-06,68,69084,19.24,28.26,20.5,16.2,4.76,6.4,1.07,1.18,0.72,1.41,0.27
69-01,69,53964,29.82,11.47,20.06,23.55,8.61,3.25,0.72,0.87,0.44,1.02,0.2
69-02,69,59652,29.55,6.9,23.28,25.8,9.87,2.03,0.54,0.81,0.32,0.76,0.14
69-03,69,56940,30.32,9.01,20.06,24.71,10.16,2.71,0.61,0.84,0.39,1.02,0.18
69-04,69,63967,31.42,8.36,29.13,17.93,7.97,2.64,0.58,0.64,0.3,0.86,0.16
69-05,69,68807,28.35,13.23,32.31,14.28,5.52,3.81,0.63,0.6,0.31,0.84,0.12
69-06,69,59629,27.73,13.1,16.59,26.48,9.15,3.44,0.62,0.92,0.58,1.2,0.17
69-07,69,46467,24.25,17.42,16.82,26.56,7.5,3.73,0.64,0.96,0.53,1.42,0.17
69-08,69,81005,23.95,20.14,27.3,14.48,4.85,5.95,0.95,0.77,0.52,0.92,0.17
69-09,69,71693,22.59,24.04,24.34,14.66,5.03,5.85,1.0,0.9,0.45,0.99,0.15
69-10,69,76898,26.33,17.67,27.0,14.25,5.3,6.36,0.91,0.7,0.4,0.92,0.17
69-11,69,72321,24.37,23.4,19.5,18.56,5.15,5.53,0.97,0.83,0.52,1.01,0.16
69-12,69,62586,28.18,13.88,27.25,17.1,6.31,4.28,0.74,0.69,0.5,0.91,0.15
69-13,69,64640,24.31,23.84,20.96,17.32,5.1,5.18,0.73,0.77,0.4,1.21,0.16
69-14,69,49915,21.9,21.1,11.83,30.07,6.75,3.79,0.73,1.11,0.84,1.69,0.18
70-01,70,69507,20.28,29.76,19.65,15.15,4.54,6.25,1.05,1.39,0.88,0.84,0.2
70-02,70,70015,18.9,32.94,16.46,16.59,4.91,5.47,1.12,1.51,1.02,0.89,0.18
71-01,71,56131,24.18,20.41,21.33,17.54,6.7,6.16,1.02,0.99,0.56,0.94,0.18
71-02,71,60953,21.93,23.39,21.2,17.04,5.22,7.2,1.23,1.11,0.8,0.71,0.18
71-03,71,63203,22.54,25.45,19.41,16.81,6.34,5.69,0.94,1.2,0.7,0.75,0.16
71-04,71,62873,20.22,28.1,17.78,17.59,5.65,6.62,1.04,1.22,0.76,0.85,0.16
71-05,71,66789,22.93,23.64,17.6,19.97,7.01,5.02,0.87,1.24,0.72,0.84,0.15
72-01,72,57959,21.93,17.61,30.14,17.19,5.99,4.02,0.63,1.05,0.63,0.62,0.18
72-02,72,63540,21.12,21.07,24.17,20.25,6.11,3.97,0.59,1.1,0.73,0.7,0.18
72-03,72,68274,17.7,24.03,28.35,16.87,4.71,4.55,0.79,1.2,0.97,0.65,0.17
72-04,72,63919,18.91,19.55,31.43,18.13,4.81,3.99,0.63,1.1,0.7,0.59,0.17
72-05,72,68750,20.82,21.21,29.08,15.86,5.16,4.57,0.67,1.06,0.76,0.65,0.15
73-01,73,68743,23.78,22.25,22.4,16.64,5.17,5.93,1.3,0.94,0.46,0.98,0.16
73-02,73,57951,20.64,22.04,24.12,18.1,4.56,6.1,1.45,1.22,0.5,1.09,0.19
73-03,73,56997,23.04,24.41,18.81,18.22,5.56,5.74,1.29,1.13,0.59,1.02,0.19
73-04,73,57868,24.94,18.09,18.52,21.94,7.58,4.82,1.19,1.01,0.48,1.26,0.17
74-01,74,80486,26.86,17.64,25.27,14.96,5.34,6.19,1.08,0.93,0.44,1.08,0.21
74-02,74,74987,26.41,16.24,25.25,16.53,5.9,5.79,1.13,0.91,0.42,1.24,0.18
74-03,74,64127,21.85,22.18,22.79,16.88,5.32,6.88,1.14,1.14,0.49,1.1,0.22
74-04,74,62569,24.25,18.67,24.82,17.02,5.53,5.36,0.98,1.1,0.47,1.57,0.23
74-05,74,72304,22.85,19.21,26.41,16.43,5.04,5.82,1.11,1.06,0.55,1.32,0.18
74-06,74,59014,22.1,19.91,28.02,15.73,4.34,5.91,1.34,1.09,0.41,0.97,0.18
75-01,75,68817,39.19,3.87,34.4,12.04,7.59,1.21,0.46,0.38,0.15,0.61,0.1
75-02,75,61756,36.96,3.82,37.34,11.5,7.28,1.31,0.54,0.42,0.16,0.57,0.11
75-03,75,56413,36.86,5.29,23.02,20.21,10.3,1.88,0.49,0.68,0.27,0.83,0.16
75-04,75,59167,28.71,4.15,54.41,6.68,3.54,1.3,0.39,0.19,0.09,0.45,0.09
75-05,75,63251,39.85,3.84,16.95,22.88,13.13,1.2,0.45,0.64,0.27,0.68,0.11
75-06,75,62752,34.22,4.56,13.72,28.95,14.56,1.42,0.47,0.88,0.34,0.76,0.13
75-07,75,64174,40.44,4.14,19.23,20.62,11.96,1.43,0.5,0.65,0.25,0.66,0.12
75-08,75,67551,34.89,6.23,21.24,21.35,11.29,2.36,0.61,0.69,0.32,0.83,0.18
75-09,75,55593,34.33,6.66,17.26,24.64,11.76,2.18,0.62,0.92,0.4,1.03,0.2
75-10,75,54704,34.54,6.67,18.57,23.25,11.79,2.27,0.6,0.74,0.37,1.03,0.17
75-11,75,60477,38.8,4.14,26.7,16.15,10.48,1.52,0.5,0.58,0.26,0.73,0.15
75-12,75,63007,35.76,4.51,38.51,10.94,6.68,1.71,0.53,0.38,0.18,0.67,0.12
75-13,75,62648,35.71,5.85,31.15,14.44,8.24,2.27,0.58,0.55,0.24,0.85,0.13
75-14,75,61400,27.27,4.16,57.0,5.8,3.18,1.43,0.32,0.19,0.09,0.48,0.08
75-15,75,60490,30.95,6.17,13.49,30.61,13.65,1.99,0.56,1.01,0.4,1.01,0.17
75-16,75,54968,29.92,5.71,16.12,30.52,13.21,1.65,0.52,0.84,0.45,0.93,0.13
75-17,75,43895,28.19,6.11,13.59,34.16,13.04,1.61,0.51,1.04,0.41,1.18,0.16
75-18,75,55494,37.12,4.73,16.51,24.42,13.13,1.43,0.56,0.8,0.28,0.84,0.19
76-01,76,49980,27.88,11.99,21.65,23.55,8.9,3.08,0.54,1.0,0.43,0.83,0.16
76-02,76,76823,24.95,21.3,23.02,16.8,5.68,5.23,0.62,0.93,0.54,0.76,0.18
76-03,76,52262,21.45,20.96,10.02,31.35,8.58,3.64,0.51,1.5,0.82,0.97,0.19
76-04,76,66981,20.86,26.01,10.93,25.85,7.93,4.3,0.59,1.48,0.87,1.0,0.17
76-05,76,76215,21.2,27.86,15.15,20.5,6.12,5.27,0.67,1.39,0.89,0.74,0.22
76-06,76,85855,18.37,31.33,18.99,18.4,4.14,5.19,0.72,1.13,0.95,0.59,0.19
76-07,76,66836,23.58,19.33,19.92,23.78,5.84,4.48,0.68,0.99,0.54,0.68,0.18
76-08,76,47319,17.81,23.76,10.54,34.9,5.79,3.8,0.49,1.16,0.69,0.86,0.19
76-09,76,75688,18.6,28.59,17.39,20.66,5.03,5.87,0.74,1.34,0.93,0.68,0.18
76-10,76,88567,19.52,29.67,20.27,16.44,4.78,5.63,0.68,1.22,0.94,0.65,0.2
77-01,77,52331,24.07,19.79,20.61,20.39,5.56,5.95,0.76,0.95,0.56,1.18,0.18
77-02,77,62569,23.48,21.15,23.41,17.07,5.62,5.72,0.79,0.93,0.57,1.06,0.2
77-03,77,59060,20.39,25.86,16.9,20.98,5.9,6.38,0.75,0.94,0.54,1.19,0.17
77-04,77,68757,17.29,32.69,18.59,17.06,4.3,6.42,0.88,0.99,0.63,0.95,0.19
77-05,77,66449,21.48,26.35,18.76,18.46,4.71,6.54,0.85,0.89,0.55,1.21,0.2
77-06,77,60220,20.76,27.54,15.61,21.06,5.22,6.18,0.77,0.97,0.59,1.15,0.16
77-07,77,66680,22.23,24.34,16.76,22.13,5.22,5.78,0.68,0.85,0.54,1.3,0.18
77-08,77,69686,28.37,16.54,18.57,21.16,6.5,5.44,0.74,0.89,0.45,1.14,0.19
77-09,77,65859,24.7,21.11,17.87,19.86,5.65,7.36,0.71,0.86,0.53,1.16,0.19
77-10,77,60146,26.88,15.86,15.19,26.11,7.38,4.65,0.73,0.95,0.52,1.55,0.18
77-11,77,49136,25.14,18.25,12.14,26.81,7.07,6.7,0.69,1.08,0.5,1.44,0.16
78-01,78,68223,29.98,8.95,32.6,14.53,7.82,3.45,0.63,0.58,0.27,1.02,0.17
78-02,78,71281,32.29,10.59,29.98,13.66,6.49,4.25,0.77,0.57,0.29,0.91,0.2
78-03,78,67969,29.47,9.06,39.03,11.32,5.5,3.37,0.61,0.54,0.26,0.7,0.14
78-04,78,64276,33.73,9.31,30.34,13.85,6.47,3.79,0.63,0.55,0.28,0.89,0.15
78-05,78,58422,31.71,9.83,30.99,15.31,6.12,3.4,0.58,0.64,0.31,0.93,0.17
78-06,78,59076,30.88,10.49,31.21,15.21,5.79,3.56,0.67,0.67,0.32,1.01,0.18
78-07,78,63075,28.45,15.62,21.66,18.65,7.22,4.94,0.84,0.87,0.49,1.11,0.17
78-08,78,54355,21.83,21.78,14.54,26.35,6.46,4.81,0.75,1.08,0.62,1.58,0.21
78-09,78,71798,23.48,21.05,21.38,18.83,5.86,5.67,0.78,0.88,0.59,1.29,0.19
78-10,78,73434,27.89,14.06,27.07,15.64,6.89,5.3,0.81,0.7,0.38,1.06,0.2
78-11,78,51870,26.59,12.09,18.98,21.74,12.77,4.44,0.7,0.8,0.38,1.32,0.18
78-12,78,55147,29.32,12.5,25.41,17.78,6.81,4.9,0.7,0.83,0.39,1.18,0.18
79-01,79,70522,30.3,13.98,17.09,21.37,8.48,4.62,1.11,1.42,0.72,0.74,0.17
79-02,79,76832,25.29,19.83,17.01,20.45,7.11,5.27,1.38,1.74,1.02,0.7,0.2
79-03,79,67044,25.4,20.2,22.48,16.15,5.22,6.03,1.14,1.71,0.86,0.63,0.18
80-01,80,63203,22.92,28.81,13.49,21.68,5.19,4.21,0.69,1.16,0.96,0.74,0.16
80-02,80,58532,29.0,18.88,17.56,20.88,6.14,4.15,0.62,1.0,0.72,0.87,0.19
80-03,80,66823,18.95,33.33,17.7,17.29,3.64,5.33,0.85,1.1,1.06,0.53,0.21
80-04,80,67490,20.83,32.94,16.52,16.33,4.0,5.49,0.77,1.16,1.0,0.74,0.21
80-05,80,63588,17.83,36.67,15.82,17.29,3.55,4.88,0.75,1.29,1.1,0.69,0.14
81-01,81,66902,22.96,21.8,19.38,18.68,6.48,4.91,3.32,1.04,0.54,0.7,0.19
81-02,81,84966,22.09,21.8,15.27,22.98,7.47,4.78,2.75,1.24,0.64,0.79,0.19
81-03,81,81889,21.52,23.57,18.46,19.63,5.92,5.0,3.11,1.18,0.59,0.83,0.19
82-01,82,72053,21.53,24.24,18.94,19.32,6.25,4.78,2.33,1.0,0.53,0.9,0.18
82-02,82,74748,19.81,29.06,16.51,18.62,5.44,5.07,2.65,1.14,0.6,0.92,0.18
83-01,83,54273,19.59,25.45,26.05,16.84,4.29,4.25,1.12,0.76,0.38,1.1,0.18
83-02,83,68589,18.39,31.31,20.68,17.26,3.76,5.12,1.28,0.77,0.41,0.86,0.16
83-03,83,79055,19.03,27.74,26.45,14.99,3.71,4.71,1.21,0.71,0.35,0.94,0.16
83-04,83,82237,15.74,31.33,29.17,13.01,2.74,4.63,1.1,0.76,0.36,0.98,0.17
83-05,83,74586,17.02,30.93,29.82,11.89,2.73,4.72,0.83,0.62,0.34,0.98,0.13
83-06,83,93049,17.36,33.27,20.64,16.57,3.57,5.16,1.26,0.77,0.36,0.89,0.15
83-07,83,78570,18.48,28.57,25.76,16.29,3.37,4.44,1.03,0.69,0.37,0.82,0.17
83-08,83,82079,17.04,32.8,21.21,16.54,3.63,4.9,1.19,0.98,0.42,1.13,0.16
84-01,84,53952,20.28,24.34,16.45,26.01,5.78,3.48,0.99,0.9,0.44,1.12,0.21
84-02,84,65997,19.09,30.13,20.18,18.03,4.31,4.79,1.33,0.8,0.39,0.78,0.16
84-03,84,59574,16.21,35.36,18.33,18.02,3.63,4.92,1.22,0.83,0.48,0.83,0.17
84-04,84,70021,17.22,33.76,19.48,17.04,3.48,5.05,1.45,0.93,0.48,0.91,0.18
84-05,84,64501,19.98,28.24,19.83,18.99,4.61,4.51,1.29,0.99,0.43,0.98,0.15
85-01,85,89684,27.62,17.93,23.46,15.88,5.6,5.73,0.84,1.31,0.79,0.65,0.19
85-02,85,84310,26.92,18.59,23.25,16.24,5.64,5.61,0.94,1.23,0.75,0.67,0.17
85-03,85,97606,24.31,20.01,28.48,13.77,4.35,5.74,0.9,0.98,0.66,0.68,0.13
85-04,85,81852,27.86,15.16,27.92,14.16,4.77,6.1,0.86,1.44,0.93,0.6,0.2
85-05,85,65377,24.47,21.25,23.74,15.59,5.23,5.73,1.05,1.34,0.84,0.61,0.15
86-01,86,61953,27.31,16.77,16.1,22.49,8.21,4.61,1.17,1.53,0.79,0.81,0.21
86-02,86,61462,28.48,13.47,18.26,22.4,8.65,4.68,1.06,1.37,0.68,0.74,0.2
86-03,86,57780,22.55,22.71,19.14,18.76,5.95,5.49,1.45,1.75,1.11,0.84,0.25
86-04,86,56553,20.67,26.94,18.48,18.6,5.34,5.33,1.14,1.48,0.94,0.81,0.28
87-01,87,65978,27.12,17.69,14.59,23.35,8.31,4.18,1.57,1.41,0.85,0.71,0.21
87-02,87,77529,26.0,18.43,16.72,22.12,7.08,4.59,1.78,1.46,0.9,0.72,0.2
87-03,87,64907,27.0,18.45,15.3,21.56,7.96,4.58,1.7,1.51,0.91,0.81,0.22
88-01,88,59116,21.28,26.97,18.65,17.37,5.52,5.95,1.08,1.27,0.79,0.95,0.18
88-02,88,56208,18.81,33.1,16.09,16.34,4.9,5.97,1.14,1.43,0.94,1.11,0.18
88-03,88,51719,20.23,26.22,19.26,16.72,4.87,7.09,1.54,1.7,0.99,1.13,0.25
88-04,88,52459,19.03,30.14,18.21,16.05,4.49,7.22,1.28,1.53,0.95,0.87,0.23
89-01,89,59559,21.74,24.97,20.84,16.41,5.45,6.34,1.24,1.07,0.68,1.06,0.2
89-02,89,57865,19.43,29.22,19.07,17.17,4.57,6.36,1.1,1.25,0.82,0.82,0.18
89-03,89,67129,17.93,31.08,19.8,16.54,4.41,6.27,0.92,1.14,0.75,1.0,0.17
90-01,90,35857,20.14,28.37,18.26,17.91,5.54,5.5,0.91,1.18,0.71,1.27,0.23
90-02,90,35717,21.14,25.42,17.14,20.3,6.17,5.04,0.96,1.29,0.94,1.36,0.24
91-01,91,51130,25.24,15.96,12.57,29.69,7.26,4.95,0.72,1.23,0.64,1.54,0.2
91-02,91,72144,21.88,24.36,19.1,19.03,5.02,7.0,0.81,0.93,0.56,1.12,0.2
91-03,91,77184,24.73,19.69,18.54,20.46,6.55,6.45,0.85,0.94,0.48,1.1,0.2
91-04,91,78789,27.89,16.98,20.37,18.27,6.48,6.54,0.8,0.91,0.43,1.13,0.19
91-05,91,56010,34.3,7.92,24.07,19.05,8.0,3.71,0.71,0.69,0.33,0.99,0.23
91-06,91,64391,29.91,12.78,17.92,22.74,8.41,4.78,0.68,0.83,0.43,1.28,0.23
91-07,91,55996,25.24,17.24,17.17,23.4,7.16,6.04,0.79,0.91,0.5,1.37,0.18
91-08,91,60107,23.89,12.96,14.98,20.62,6.15,18.67,0.44,0.74,0.32,1.09,0.15
91-09,91,61827,25.06,16.65,18.49,22.16,6.38,7.88,0.61,0.89,0.46,1.22,0.2
91-10,91,45904,24.34,16.89,14.88,27.85,6.6,5.34,0.68,1.29,0.58,1.35,0.22
92-01,92,44933,23.68,11.52,11.32,38.43,8.21,2.41,0.59,1.02,0.55,2.11,0.17
92-02,92,55117,34.02,6.89,27.2,18.79,7.96,2.39,0.59,0.66,0.33,1.02,0.17
92-03,92,65562,34.74,7.28,31.89,14.07,6.63,2.93,0.55,0.53,0.23,0.99,0.16
92-04,92,59664,30.24,9.55,19.68,26.48,7.74,2.85,0.59,0.82,0.39,1.45,0.2
92-05,92,57589,31.26,7.35,30.51,18.68,7.01,2.36,0.54,0.66,0.31,1.16,0.18
92-06,92,62820,28.09,6.47,47.01,10.14,4.27,2.03,0.48,0.46,0.2,0.74,0.13
92-07,92,71569,33.18,7.25,37.11,11.81,5.47,2.8,0.66,0.46,0.25,0.83,0.19
92-08,92,57164,33.98,6.71,32.88,14.33,6.84,2.66,0.66,0.56,0.27,0.97,0.14
92-09,92,53924,32.67,4.88,44.04,9.91,4.82,1.9,0.47,0.34,0.13,0.71,0.12
92-10,92,64121,36.32,6.64,25.74,17.34,8.75,2.61,0.58,0.57,0.25,1.02,0.17
92-11,92,55214,31.26,8.66,15.89,27.93,10.11,2.72,0.66,0.98,0.49,1.13,0.16
92-12,92,74589,32.56,9.53,24.04,18.98,8.14,3.65,0.69,0.74,0.41,1.06,0.2
92-13,92,72492,34.77,7.16,26.77,17.7,7.82,3.11,0.66,0.56,0.28,0.96,0.2
93-01,93,41810,25.21,9.72,10.35,38.41,9.79,2.2,0.5,1.2,0.66,1.74,0.22
93-02,93,34767,22.06,11.3,7.71,43.16,9.15,1.86,0.49,1.44,0.75,1.84,0.23
93-03,93,55656,28.51,14.14,16.36,25.29,7.56,4.42,0.69,1.01,0.51,1.32,0.19
93-04,93,41093,20.66,15.11,9.38,40.44,7.6,2.55,0.52,1.16,0.63,1.73,0.21
93-05,93,42677,22.37,16.42,11.15,36.24,6.43,3.03,0.57,1.17,0.68,1.74,0.2
93-06,93,36347,24.08,10.47,10.2,39.12,10.25,1.88,0.49,0.99,0.92,1.4,0.21
93-07,93,55072,24.75,8.81,8.84,40.12,11.67,1.83,0.54,1.41,0.54,1.31,0.17
93-08,93,45333,25.52,15.83,19.19,24.3,7.17,4.36,0.72,0.91,0.46,1.3,0.25
93-09,93,50707,24.54,11.25,13.03,34.35,10.21,2.67,0.63,1.08,0.65,1.39,0.21
93-10,93,47869,22.93,14.46,14.68,32.0,7.79,3.74,0.59,1.08,0.53,2.02,0.17
93-11,93,43298,22.82,16.28,10.78,35.9,6.4,3.28,0.58,1.15,0.58,2.02,0.21
93-12,93,46248,23.06,19.18,18.85,24.22,6.59,4.29,0.61,0.85,0.43,1.76,0.17
94-01,94,67653,29.46,10.0,27.61,18.75,6.78,4.35,0.68,0.74,0.33,1.12,0.18
94-02,94,47728,25.19,12.07,13.9,32.15,8.35,4.03,0.6,1.06,0.8,1.64,0.2
94-03,94,54761,23.29,16.86,16.56,25.41,6.46,7.89,0.64,0.92,0.43,1.39,0.16
94-04,94,57555,27.78,14.84,22.47,19.96,6.04,5.68,0.68,0.82,0.38,1.18,0.16
94-05,94,68054,29.89,10.73,24.63,21.2,6.68,3.92,0.7,0.65,0.34,1.07,0.19
94-06,94,65677,33.52,7.08,25.52,20.0,8.46,2.84,0.6,0.68,0.3,0.81,0.18
94-07,94,49803,29.67,12.14,17.96,24.08,7.94,4.78,0.65,0.94,0.49,1.17,0.16
94-08,94,61705,30.31,10.63,25.77,18.59,7.55,4.18,0.7,0.66,0.42,1.02,0.17
94-09,94,39344,24.65,12.98,13.73,31.3,9.79,3.57,0.64,1.04,0.66,1.45,0.2
94-10,94,49022,25.8,10.31,11.57,36.01,9.31,2.96,0.62,1.21,0.54,1.48,0.18
94-11,94,46485,28.66,10.44,13.03,31.59,9.7,3.11,0.63,1.03,0.51,1.16,0.14
95-01,95,64695,23.18,22.16,19.11,20.6,5.88,5.41,0.85,1.0,0.51,1.13,0.17
95-02,95,59788,25.23,18.81,19.05,21.18,6.59,5.5,0.8,0.78,0.52,1.35,0.19
95-03,95,71023,26.52,17.91,19.02,21.18,6.49,5.37,0.77,0.86,0.38,1.32,0.18
95-04,95,58119,28.16,14.91,20.61,20.61,6.98,5.19,0.78,0.84,0.54,1.19,0.2
95-05,95,49262,23.97,15.09,12.05,33.52,7.9,3.25,0.64,1.01,0.72,1.68,0.17
95-06,95,57439,28.23,13.33,23.1,21.41,6.77,3.79,0.75,0.79,0.4,1.29,0.14
95-07,95,52596,25.06,15.27,24.42,21.61,6.28,4.06,0.67,0.79,0.44,1.24,0.17
95-08,95,36330,21.9,14.84,15.41,33.25,7.68,2.49,0.5,1.13,0.52,2.07,0.22
95-09,95,50259,21.58,22.66,15.12,25.45,6.43,4.53,0.73,1.07,0.58,1.67,0.16
95-10,95,49648,27.61,15.14,13.62,27.34,8.19,4.27,0.61,1.07,0.49,1.46,0.18
ZA-01,ZA,25625,32.59,13.17,12.17,23.91,9.87,1.66,0.66,2.33,2.1,1.11,0.43
ZA-02,ZA,31087,29.3,15.04,15.39,24.53,8.43,1.88,0.47,1.9,1.6,1.24,0.21
ZA-03,ZA,31788,31.69,12.78,13.93,24.64,9.62,1.88,0.59,1.93,1.42,1.25,0.26
ZA-04,ZA,23993,26.91,12.87,16.69,23.15,12.41,1.8,0.64,2.12,2.06,1.05,0.29
ZB-01,ZB,28952,24.54,11.65,17.58,26.96,9.25,2.17,0.74,3.12,2.3,1.29,0.4
ZB-02,ZB,29728,27.07,11.73,18.12,25.09,8.79,2.01,0.81,2.81,2.12,1.12,0.35
ZB-03,ZB,23474,25.24,9.44,15.18,27.49,13.24,1.9,0.82,3.02,1.96,1.36,0.35
ZB-04,ZB,27326,25.17,10.62,16.11,30.16,8.32,2.44,0.82,2.86,1.84,1.4,0.26
ZC-01,ZC,17218,18.31,24.11,15.01,24.54,5.69,1.75,0.96,5.58,1.85,1.88,0.33
ZC-02,ZC,9616,19.54,24.63,14.04,25.04,5.71,1.76,1.11,4.63,1.5,1.62,0.43
ZD-01,ZD,47150,23.51,20.92,19.33,21.32,7.46,2.79,0.5,1.08,1.08,1.8,0.21
ZD-02,ZD,47701,18.26,19.86,16.53,31.52,5.54,2.71,0.59,1.34,1.58,1.78,0.29
ZD-03,ZD,51490,15.89,28.96,15.18,23.91,6.44,3.54,0.62,1.42,1.77,1.98,0.29
ZD-04,ZD,62470,14.65,21.92,19.56,22.49,13.57,2.78,0.52,1.27,1.36,1.63,0.26
ZD-05,ZD,41780,18.74,27.48,16.2,22.68,6.91,2.59,0.45,1.21,1.94,1.56,0.24
ZD-06,ZD,40510,20.07,26.78,15.84,23.43,6.1,2.84,0.58,1.23,1.43,1.41,0.29
ZD-07,ZD,59378,22.23,20.12,17.33,26.23,6.0,2.91,0.6,1.18,1.32,1.8,0.29
ZM-01,ZM,15378,24.74,26.38,25.44,9.43,5.62,2.93,0.67,1.89,0.96,1.42,0.52
ZM-02,ZM,18091,14.36,28.05,38.69,7.51,3.26,3.21,0.48,1.87,1.04,1.07,0.48
ZN-01,ZN,40427,14.33,26.18,34.33,9.9,6.24,3.22,0.87,1.22,0.83,2.66,0.23
ZN-02,ZN,46519,11.39,31.62,28.35,7.95,12.04,2.62,0.74,1.7,1.08,2.2,0.31
ZP-01,ZP,28973,13.75,32.72,36.14,7.64,3.09,2.35,0.64,1.05,0.9,1.46,0.27
ZP-02,ZP,23048,16.68,34.31,32.79,7.38,2.54,2.11,0.46,1.02,0.98,1.45,0.28
ZP-03,ZP,23608,13.98,30.54,36.66,8.62,3.07,2.54,0.67,0.91,0.86,1.9,0.25
ZS-01,ZS,2632,17.97,18.16,9.92,35.45,8.24,3.0,2.05,2.43,1.06,1.37,0.34
ZW-01,ZW,5348,30.48,7.11,28.53,3.59,25.22,1.48,0.54,0.77,1.01,0.93,0.34
ZX-01,ZX,7865,19.99,23.32,32.02,14.66,3.14,2.75,0.86,1.17,0.45,1.42,0.23
