as_of_date,open_interest,nc_long,nc_short
2010-06-15,  121827,   11012,   13265
2010-06-22,   57845,   13228,   10903
2010-06-29,   59605,    9173,   11680
2010-07-06,   72124,    9965,   15885
2010-07-13,   76300,   11722,   19242
2010-07-20,   76812,   12255,   13721
2010-07-27,   78205,   12991,   14909
2010-08-03,   83508,   18264,   13702
2010-08-10,   86874,   20826,   13307
2010-08-17,   86763,   16636,   14559
2010-08-24,   93392,   10558,   18892
2010-08-31,   96738,    6865,   22112
2010-09-07,   94852,    8201,   21070
2010-09-14,  121873,   14079,   19434
2010-09-21,   69213,   16819,   13606
2010-09-28,   82561,   30595,   15495
2010-10-05,  111443,   36090,   10627
2010-10-12,  108848,   28709,    9644
2010-10-19,  109183,   25979,    8265
2010-10-26,  115614,   31065,    8932
2010-11-02,  113462,   30794,   10537
2010-11-09,  114938,   27428,   10967
2010-11-16,  123529,   31808,   11049
2010-11-23,  110771,   23300,   11441
2010-11-30,  107048,   22257,   10568
2010-12-07,  110065,   23284,    9870
2010-12-14,  134491,   24366,   10202
2010-12-21,   66711,   24902,    7439
2010-12-28,   74063,   23053,    6810
2011-01-04,   84953,   25846,    6071
2011-01-11,   84045,   24012,    7647
2011-01-18,   88962,   26546,    8300
2011-01-25,   93513,   28500,    7731
2011-02-01,   89303,   27429,    7759
2011-02-08,   86607,   20628,    8772
2011-02-15,   89253,   20979,    7219
2011-02-22,   94932,   25722,    9176
2011-03-01,   91733,   19461,    9738
2011-03-08,   93669,   21788,   10425
2011-03-15,  112617,   13530,   11474
2011-03-22,   54965,   12647,   10676
2011-03-29,   74143,   19335,    9964
2011-04-05,   90141,   25099,    9541
2011-04-12,   84480,   21385,   10051
2011-04-19,   77540,   17352,    9170
2011-04-26,   91470,   25249,    9828
2011-05-03,  106635,   32380,    7708
2011-05-10,  104332,   29101,    6552
2011-05-17,   93078,   22330,    5324
2011-05-24,   87582,   18991,    6423
2011-05-31,   88383,   18823,    6005
2011-06-07,   85862,   14906,    7558
2011-06-14,  100551,   10802,   10035
2011-06-21,   54132,    7606,   11002
2011-06-28,   53574,    7030,    9073
2011-07-05,   58531,   13274,    9510
2011-07-12,   87588,   23298,    5670
2011-07-19,   91279,   23417,    7279
2011-07-26,   90825,   22269,    5621
2011-08-02,   88746,   19057,    5868
2011-08-09,   81283,   13297,    4745
2011-08-16,   91215,    5855,    8310
2011-08-23,   96918,    6847,    6970
2011-08-30,  101620,    5176,    7946
2011-09-06,  106003,    7544,    6750
2011-09-13,  127549,    7409,    7605
2011-09-20,   61986,   10434,    5388
2011-09-27,   76827,   10649,    5791
2011-10-04,   79939,    8892,    7949
2011-10-11,   75078,    8790,    5324
2011-10-18,   84996,   13366,    4189
2011-10-25,   90514,   16560,    4697
2011-11-01,   98356,   16355,    3599
2011-11-08,  100620,   15002,    3971
2011-11-15,  102002,   14905,    3454
2011-11-22,   94718,   10511,    7344
2011-11-29,   88202,    7592,    5659
2011-12-06,   94208,    9450,    4711
2011-12-13,  114413,   12959,    3932
2011-12-20,   51165,    8987,    4465
2011-12-27,   51197,    7820,    4862
2012-01-03,   52931,    9563,    4159
2012-01-10,   69158,   13404,    3692
2012-01-17,   77129,   15374,    3863
2012-01-24,   91118,   22708,    3893
2012-01-31,   91933,   25453,    3938
2012-02-07,   92812,   27843,    4485
2012-02-14,  106024,   30836,    5683
2012-02-21,  110676,   28308,    6180
2012-02-28,  114795,   30705,    5582
2012-03-06,  115730,   31506,    6949
2012-03-13,  140207,   33952,    6324
2012-03-20,   88340,   26675,    8599
2012-03-27,   87135,   25074,    8638
2012-04-03,   89424,   26629,    8003
2012-04-10,  102199,   29710,    9843
2012-04-17,  101027,   30161,    6876
2012-04-24,   98447,   28231,    6792
2012-05-01,   98438,   25592,    6753
2012-05-08,  104211,   18457,   10405
2012-05-15,  102304,   22490,    8543
2012-05-22,  101472,   17610,    9143
2012-05-29,   98712,   14998,    9638
2012-06-05,   99322,   15452,   11714
2012-06-12,  115527,   13849,   10824
2012-06-19,   65970,   15579,    4865
2012-06-26,   67857,   17118,    5394
2012-07-03,   70759,   17593,    4842
2012-07-10,   69789,   14778,    5345
2012-07-17,   67892,   12765,    4318
2012-07-24,   81009,   15322,    4226
2012-07-31,   73700,   20053,    4383
2012-08-07,   78551,   24996,    4628
2012-08-14,   81993,   26731,    5424
2012-08-21,  101917,   30427,    6064
2012-08-28,  110549,   32843,    5145
2012-09-04,  113775,   33890,    5683
2012-09-11,  115726,   32274,    4393
2012-09-18,  146791,   29756,    4152
2012-09-25,   82047,   28512,    3827
2012-10-02,   82519,   26472,    5517
2012-10-09,   79758,   24405,    7864
2012-10-16,   77919,   21114,    6713
2012-10-23,   74182,   17347,    7469
2012-10-30,   74253,   16782,    7171
2012-11-06,   72194,   14733,    6925
2012-11-13,   72434,   12978,    8398
2012-11-20,  108038,    8747,   10629
2012-11-27,   79925,   10773,   11258
2012-12-04,  103926,   12665,    8762
2012-12-11,  103354,   16910,    8270
2012-12-18,  120814,   15849,    7283
2012-12-24,   58825,   14343,    6688
2012-12-31,   56261,   13050,    8180
2013-01-08,   60127,   16133,    6810
2013-01-15,   61892,   15044,    6821
2013-01-22,   63166,   16105,    6475
2013-01-29,   66046,   17596,    6216
2013-02-05,   67138,   18829,    5882
2013-02-12,   66913,   17203,    5734
2013-02-19,   69693,   19170,    5483
2013-02-26,   66351,   16348,    7004
2013-03-05,   70816,   22177,    6612
2013-03-12,   91323,   24094,    6611
2013-03-19,   68041,   23708,    4413
2013-03-26,   69667,   23215,    3973
2013-04-02,   75524,   27494,    4190
2013-04-09,   70340,   21124,    3850
2013-04-16,   73712,   25009,    3364
2013-04-23,   70732,   21021,    4643
2013-04-30,   78125,   29028,    2928
2013-05-07,   81815,   30329,    3872
2013-05-14,   82695,   30020,    3727
2013-05-21,   83665,   28468,    2720
2013-05-28,   87214,   32016,    2242
2013-06-04,   86007,   29246,    1804
2013-06-11,   77849,   21362,    2049
2013-06-18,  105066,   23633,    3818
2013-06-25,   60029,   16128,    5479
2013-07-02,   61504,   16237,    5409
2013-07-09,   64004,   17921,    4463
2013-07-16,   73333,   22360,    4566
2013-07-23,   79243,   27902,    4323
2013-07-30,   79783,   27853,    3843
2013-08-06,   81170,   28570,    3651
2013-08-13,   83801,   29188,    3936
2013-08-20,   77539,   24996,    4551
2013-08-27,   83843,   23013,    6498
2013-09-03,   80375,   23208,    6139
2013-09-10,   83562,   23439,    4664
2013-09-17,  106495,   27156,    3723
2013-09-24,   78276,   26281,    2540
2013-10-01,   80374,   29387,    2121
2013-10-08,   75626,   24665,    3784
2013-10-15,   73979,   23407,    2537
2013-10-22,   73457,   24966,    2760
2013-10-29,   78938,   28741,    3198
2013-11-05,   84122,   30796,    2937
2013-11-12,   79457,   27868,    3644
2013-11-19,   79507,   25459,    2704
2013-11-26,   82209,   28573,    3413
2013-12-03,   85816,   30124,    4075
2013-12-10,   84692,   26702,    3004
2013-12-17,  103403,   28104,    2809
2013-12-24,   82705,   23032,    3054
2013-12-31,   83927,   22997,    2937
2014-01-07,   86468,   24534,    5769
2014-01-14,   86236,   25241,    7396
2014-01-21,   84719,   23657,    4664
2014-01-28,   85684,   24845,    6061
2014-02-04,   95510,   20753,    4019
2014-02-11,   81194,   19309,    6540
2014-02-18,   87275,   24406,    7059
2014-02-25,   92114,   28924,    6125
2014-03-04,   95015,   28501,    5853
2014-03-11,   93499,   24252,    5895
2014-03-18,  132014,   26370,    5675
2014-03-25,   75742,   20652,    6385
2014-04-01,   73334,   21000,    6187
2014-04-08,   74360,   16414,    8107
2014-04-15,   70106,   13763,    6897
2014-04-22,   65784,   12535,    7489
2014-04-29,   69784,   15112,    7689
2014-05-06,   87799,   15954,    7667
2014-05-13,   93266,   17350,    9703
2014-05-20,   93497,   15324,    9986
2014-05-27,   87667,   19606,   10196
2014-06-03,   90252,   20287,   10037
2014-06-10,   89152,   19180,    7863
2014-06-17,  109268,   21187,    6487
2014-06-24,   68535,   17270,    6642
2014-07-01,   71784,   19089,    9200
2014-07-08,   72194,   17821,    8843
2014-07-15,   71645,   18382,    8003
2014-07-22,   72587,   19990,    7266
2014-07-29,   74687,   20460,    7541
2014-08-05,   72218,   20297,    7597
2014-08-12,   68866,   17670,    7623
2014-08-19,   71774,   17378,    7821
2014-08-26,   72077,   19255,    8684
2014-09-02,   73483,   19958,    9135
2014-09-09,   73158,   19746,    8771
2014-09-16,  111953,   23711,   10062
2014-09-23,   75568,   21305,    8597
2014-09-30,   75621,   22298,    8382
2014-10-07,   75014,   22457,    8720
2014-10-14,   80222,   21694,    8844
2014-10-21,   64588,   15319,    7354
2014-10-28,   65573,   15486,    5882
2014-11-04,   68057,   17260,    7508
2014-11-11,   79091,   20723,    5711
2014-11-18,   84518,   21504,    6179
2014-11-25,   86984,   20591,    7249
2014-12-02,   91222,   22170,    7626
2014-12-09,   91693,   21970,    6925
2014-12-16,  109225,   22199,    9275
2014-12-23,   68041,   15689,    7354
2014-12-30,   66939,   16027,    7738
2015-01-06,   67205,   17639,    7964
2015-01-13,   63382,   16324,    8774
2015-01-20,   61136,   14747,    9041
2015-01-27,   60303,   13378,    9446
2015-02-03,   60337,   12106,    8075
2015-02-10,   62923,   14552,    8523
2015-02-17,   83967,   19382,    7829
2015-02-24,   86451,   20662,    8602
2015-03-03,   87354,   22412,    8935
2015-03-10,   87826,   23160,    7555
2015-03-17,   98973,   18401,    5698
2015-03-24,   66961,   17172,    5002
2015-03-31,   63967,   14946,    4485
2015-04-07,   63958,   15571,    3715
2015-04-14,   66124,   17603,    3986
2015-04-21,   66710,   18774,    4743
2015-04-28,   73186,   24642,    6966
2015-05-05,   68376,   19014,    5639
2015-05-12,   61877,   15752,    6499
2015-05-19,   63769,   17014,    5979
2015-05-26,   63314,   16774,    6928
2015-06-02,   75510,   19200,    5681
2015-06-09,   72917,   16444,    8272
2015-06-16,   87708,   15887,    7151
2015-06-23,   69325,   20195,    5255
2015-06-30,   62195,   14098,    7910
2015-07-07,   59219,   12922,    7139
2015-07-14,   60800,   16438,    5460
2015-07-21,   68975,   23598,    6470
2015-07-28,   72305,   24167,    6134
2015-08-04,   70634,   22066,    6270
2015-08-11,   68902,   18343,    5983
2015-08-18,   70143,   20950,    6174
2015-08-25,   63216,   12715,   10429
2015-09-01,   59008,    9569,   10790
2015-09-08,   59221,    9125,   10282
2015-09-15,   64703,   10479,   10603
2015-09-22,   53300,   13113,   11306
2015-09-29,   52099,   11103,   10695
2015-10-06,   52137,   11684,    9777
2015-10-13,   53639,   12252,    9901
2015-10-20,   57673,   15197,    9187
2015-10-27,   64871,   18064,    6701
2015-11-03,   68337,   19984,    5956
2015-11-10,   72983,   22793,    6480
2015-11-17,   69955,   19525,    5752
2015-11-24,   67450,   18197,    7153
2015-12-01,   69314,   18966,    7614
2015-12-08,   67445,   19111,    8312
2015-12-15,   77044,   19540,    7236
2015-12-22,   61599,   16793,    7215
2015-12-29,   63214,   19138,    6954
2016-01-05,   60436,   16822,    9629
2016-01-12,   60148,   17207,   10561
2016-01-19,   55449,   14497,    8681
2016-01-26,   53779,   14211,    8152
2016-02-02,   54214,   14327,    9978
2016-02-09,   57062,   13290,   11366
2016-02-16,   53918,   11892,   11966
2016-02-23,   52133,   11632,   11057
2016-03-01,   51617,   12650,    9870
2016-03-08,   52461,   13088,   11732
2016-03-15,   55478,   10298,   11178
2016-03-22,   42279,   11788,   10196
2016-03-29,   44012,   14524,   10298
2016-04-05,   43356,   14237,    8379
2016-04-12,   44895,   15202,    7579
2016-04-19,   47078,   17729,    7631
2016-04-26,   45360,   15658,    8295
2016-05-03,   48150,   14503,   12637
2016-05-10,   46611,   11035,   12899
2016-05-17,   44755,    9160,   10680
2016-05-24,   44271,   14308,    8267
2016-05-31,   46379,   19443,    8450
2016-06-07,   48764,   19837,    7293
2016-06-14,   57521,   23825,    7186
2016-06-21,   43667,   21007,    5689
2016-06-28,   41211,   16351,    6989
2016-07-05,   40019,   15821,    6895
2016-07-12,   45807,   20714,    6255
2016-07-19,   50432,   24796,    5537
2016-07-26,   54783,   29332,    5275
2016-08-02,   56902,   32123,    5787
2016-08-09,   57841,   32121,    5792
2016-08-16,   59338,   32694,    7105
2016-08-23,   59466,   32440,    6814
2016-08-30,   61088,   36144,    6736
2016-09-06,   61802,   35883,    7137
2016-09-13,   64292,   26815,    7582
2016-09-20,   54968,   29634,    5891
2016-09-27,   59441,   33393,    6094
2016-10-04,   59174,   33176,    5698
2016-10-11,   59494,   31725,    5865
2016-10-18,   60955,   36889,    5465
2016-10-25,   63259,   38321,    5788
2016-11-01,   63297,   32281,    5941
2016-11-08,   59822,   25589,    5269
2016-11-15,   51101,   21851,    7569
2016-11-22,   50117,   23690,    6837
2016-11-29,   51057,   24991,    7137
2016-12-06,   50837,   20168,    9623
2016-12-13,   59800,   22787,    7363
2016-12-20,   44391,   22870,    7882
2016-12-27,   44880,   23167,    6463
2017-01-03,   45925,   23770,    9034
2017-01-10,   44423,   23149,    6807
2017-01-17,   45075,   24522,    6721
2017-01-24,   44694,   23447,    5910
2017-01-31,   47517,   26101,    6161
2017-02-07,   46339,   24543,    6060
2017-02-14,   45770,   24046,    6110
2017-02-21,   46915,   24753,    8878
2017-02-28,   47852,   25714,    8957
2017-03-07,   46856,   24101,    9144
2017-03-14,   60922,   24038,    9215
2017-03-21,   47727,   23834,    8608
2017-03-28,   47894,   25538,    8479
2017-04-04,   48427,   26302,    7495
2017-04-11,   49774,   27066,    7517
2017-04-18,   51069,   27944,    6777
2017-04-25,   54974,   30653,    7749
2017-05-02,   54595,   28980,    7814
2017-05-09,   53864,   27162,    8264
2017-05-16,   53992,   25254,    9547
2017-05-23,   54042,   23754,    8937
2017-05-30,   55100,   25368,    9306
2017-06-06,   63241,   29274,   10776
2017-06-13,   89647,   30168,    9852
2017-06-20,   56941,   24919,   10731
2017-06-27,   57176,   22265,   12025
2017-07-03,   58428,   20782,   13067
2017-07-11,   55985,   18253,   12107
2017-07-18,   56703,   20604,   12852
2017-07-25,   58043,   22661,   12006
2017-08-01,   58560,   22743,   11586
2017-08-08,   59955,   21220,   12621
2017-08-15,   60505,   21637,   12205
2017-08-22,   58746,   20634,   12821
2017-08-29,   58179,   21234,   12802
2017-09-05,   56291,   21165,   12338
2017-09-12,   71552,   21870,   12354
2017-09-19,   52922,   20561,   12855
2017-09-26,   53532,   19761,   14107
2017-10-03,   53966,   19815,   13978
2017-10-10,   56427,   21759,   15748
2017-10-17,   55697,   21540,   15753
2017-10-24,   55890,   21716,   14631
2017-10-31,   54393,   21268,   12867
2017-11-07,   55140,   18802,   13053
2017-11-14,   57261,   20431,   14914
2017-11-21,   58925,   18611,   15474
2017-11-28,   58911,   18274,   17152
2017-12-05,   60856,   20067,   18846
2017-12-12,   72410,   18354,   17020
2017-12-19,   55177,   17674,   16866
2017-12-26,   57539,   18126,   17551
2018-01-02,   55389,   19674,   16102
2018-01-09,   51860,   18130,   14890
2018-01-16,   54817,   19625,   14544
2018-01-23,   51194,   17580,   14582
2018-01-30,   51944,   18711,   14236
2018-02-06,   49143,   16635,   14136
2018-02-13,   46006,   13682,   15765
2018-02-20,   46459,   12598,   14256
2018-02-27,   46287,   11818,   11251
2018-03-06,   48410,   12001,   10816
2018-03-13,   58820,   13918,   10090
2018-03-20,   46328,   14080,   11648
2018-03-27,   46896,   14815,   11301
2018-04-03,   50750,   15224,   18382
2018-04-10,   48586,   14573,   15905
2018-04-17,   47647,   13047,   14624
2018-04-24,   48840,   11401,   16343
2018-05-01,   47850,   12969,   15742
2018-05-08,   47008,   12394,   13716
2018-05-15,   49660,   14091,   14099
2018-05-22,   49018,   12469,   13211
2018-05-29,   50257,   13757,   12483
2018-06-05,   51941,   14344,   12122
2018-06-12,   58502,   13376,   11694
2018-06-19,   45194,   15264,   10706
2018-06-26,   47098,   15739,   13033
2018-07-03,   48460,   18144,   14914
2018-07-10,   48659,   19444,   15123
2018-07-17,   49735,   21065,   13225
2018-07-24,   47891,   17823,   11249
2018-07-31,   47922,   18773,   10129
2018-08-07,   48994,   18015,   10680
2018-08-14,   47514,   17106,    9612
2018-08-21,   47967,   16360,   10146
2018-08-28,   49255,   17985,   10502
2018-09-04,   53257,   19532,   10608
2018-09-11,   52726,   17477,   10538
2018-09-18,   61679,   16238,   10372
2018-09-25,   49420,   17370,   10112
2018-10-02,   49441,   18573,   11328
2018-10-09,   49546,   15235,   12972
2018-10-16,   50144,   12291,   12216
2018-10-23,   50872,   14147,   12291
2018-10-30,   49653,   12214,   10164
2018-11-06,   48663,   10533,   10651
2018-11-13,   49733,    8969,   10049
2018-11-20,   51279,   10050,    9155
2018-11-27,   48146,   11324,    8579
2018-12-04,   48620,    8119,   10183
2018-12-11,   50696,    9840,   10449
2018-12-18,   54430,   10670,    9972
2018-12-24,   41653,   10453,    8296
2018-12-31,   40798,    7327,    9085
2019-01-08,   41062,    7391,    8600
2019-01-15,   41781,    7068,   10010
2019-01-22,   41357,    7591,   10431
2019-01-29,   43546,    7526,   11228
2019-02-05,   43092,    7460,   12163
2019-02-12,   43001,    7507,   12866
2019-02-19,   44320,    8323,   13468
2019-02-26,   44657,    9585,   13475
2019-03-05,   46534,    9348,   13591
2019-03-12,   51567,   11096,   13826
2019-03-19,   39868,   12547,   12096
2019-03-26,   38725,   12222,   10740
2019-04-02,   39308,   12309,   10881
2019-04-09,   40204,   12387,   10908
2019-04-16,   41813,   11794,   13499
2019-04-23,   43451,   12553,   13761
2019-04-30,   43989,   13027,   13509
2019-05-07,   41776,   11277,   13147
2019-05-14,   43292,   11663,    9366
2019-05-21,   43256,   12782,   10190
2019-05-28,   44743,   13902,   10358
2019-06-04,   44544,   12281,   11440
2019-06-11,   43984,   13822,   11509
2019-06-18,   49541,   15005,   10710
2019-06-25,   43391,   15532,   11018
2019-07-02,   41814,   14070,    9150
2019-07-09,   42165,   12595,    9009
2019-07-16,   43219,   14979,    9883
2019-07-23,   44925,   14298,    9631
2019-07-30,   45643,   15094,   10099
2019-08-06,   40983,   16775,    8967
2019-08-13,   38828,   14830,    9991
2019-08-20,   38354,   14486,    9770
2019-08-27,   40023,   14078,    9501
2019-09-03,   40017,   14282,    9391
2019-09-10,   40842,   14461,    9082
2019-09-17,   49948,   16298,    9340
2019-09-24,   40586,   13948,   11192
2019-10-01,   41303,   15010,    9656
2019-10-08,   40562,   13335,    9724
2019-10-15,   42866,   16782,   10302
2019-10-22,   43791,   16784,   10566
2019-10-29,   45936,   19153,   11067
2019-11-05,   45370,   18462,   10229
2019-11-12,   46371,   18729,   10754
2019-11-19,   46589,   18032,   11117
2019-11-26,   44884,   18029,   11378
2019-12-03,   42146,   14095,    9674
2019-12-10,   42601,   13101,   10661
2019-12-17,   55265,   13105,   11526
2019-12-24,   42219,   12661,    9965
2019-12-31,   43347,   14302,    9175
2020-01-07,   42058,   12833,    9498
2020-01-14,   43174,   13821,   10476
2020-01-21,   43385,   13847,   12048
2020-01-28,   41234,   14353,    9477
2020-02-04,   40957,   14109,    9851
2020-02-11,   41566,   14808,   13062
2020-02-18,   41664,   15694,   12013
2020-02-25,   42933,   16592,    8676
2020-03-03,   43369,   15557,    9115
2020-03-10,   44032,   14999,   11465
2020-03-17,   59254,   13368,    8885
2020-03-24,   39971,   13345,    7862
2020-03-31,   37304,   12725,    8445
2020-04-07,   36673,   11959,    9156
2020-04-14,   35587,   10902,   10853
2020-04-21,   35851,   11843,   10098
2020-04-28,   36350,   11878,    9678
2020-05-05,   36901,   11545,    8975
2020-05-12,   39313,   12831,   11141
2020-05-19,   39633,   11930,   12921
2020-05-26,   42000,   13748,   13060
2020-06-02,   41947,   13707,   11187
2020-06-09,   43255,   13478,   11447
2020-06-16,   45730,   14653,    9616
2020-06-23,   36512,   14882,    7088
2020-06-30,   38816,   15656,    6892
2020-07-07,   42507,   16359,    7419
2020-07-14,   44657,   15903,    8780
2020-07-21,   44441,   13047,    9905
2020-07-28,   44183,   14488,    9667
2020-08-04,   45713,   14719,   11067
2020-08-11,   47013,   13788,   11288
2020-08-18,   45989,   15576,   11335
2020-08-25,   46997,   15625,   11681
2020-09-01,   49030,   15861,   14135
2020-09-08,   50161,   14256,   17950
2020-09-15,   69673,   15438,   31612
2020-09-22,   66403,   16676,   43538
2020-09-29,   55119,   14857,   30795
2020-10-06,   55500,   14529,   29531
2020-10-13,   45242,   14733,   11160
2020-10-20,   43978,   13223,   12010
2020-10-27,   45535,   13167,   13265
2020-11-03,   44591,   13165,   13103
2020-11-10,   47620,   13685,   16741
2020-11-17,   47695,   12507,   15803
2020-11-24,   49452,   13235,   17795
2020-12-01,   49193,   13349,   17874
2020-12-08,   48901,   14001,   12187
2020-12-15,   55366,   15015,   12608
2020-12-21,   42541,   14062,    7823
2020-12-29,   43377,   14140,   10181
2021-01-05,   44180,   14466,    9309
2021-01-12,   46458,   15673,   11590
2021-01-19,   47010,   17135,   10813
2021-01-26,   46412,   17583,    9651
2021-02-02,   46946,   17434,   11621
2021-02-09,   46874,   16606,   11473
2021-02-16,   47071,   15044,   10823
2021-02-23,   48014,   13507,   14585
2021-03-02,   48803,   11323,   16021
2021-03-09,   50706,   12491,   14990
2021-03-16,   51477,   11413,   13879
2021-03-23,   44355,    9946,   12478
2021-03-30,   44446,    9619,   13192
2021-04-06,   42918,   11488,   13367
2021-04-13,   42860,   11859,   13081
2021-04-20,   43629,   11057,   12082
2021-04-27,   43576,   10512,   12064
2021-05-04,   47448,   11433,   14794
2021-05-11,   45487,   12243,   13445
2021-05-18,   45595,   11798,   13019
2021-05-25,   46678,   10586,   13245
2021-06-01,   47675,   10632,   13542
2021-06-08,   47631,   12104,   13804
2021-06-15,   57779,   13178,   15385
2021-06-22,   44754,   11749,   13822
2021-06-29,   44827,   12705,   14325
2021-07-06,   45658,   13151,   13465
2021-07-13,   46456,   13593,   14444
2021-07-20,   46906,   14379,   14835
2021-07-27,   46944,   12768,   14733
2021-08-03,   44609,   12974,   13267
2021-08-10,   46672,   11700,   14354
2021-08-17,   46900,   10983,   15368
2021-08-24,   45425,   13033,   13517
2021-08-31,   46120,   13879,   14369
2021-09-07,   46866,   15087,   14089
2021-09-14,   55540,   16398,   14486
2021-09-21,   44460,   13980,   12096
2021-09-28,   46122,   12808,   13264
2021-10-05,   45030,   11754,   12285
2021-10-12,   46123,   12134,   12298
2021-10-19,   47473,   12116,   12727
2021-10-26,   49102,   13151,   13802
2021-11-02,   51117,   14303,   12859
2021-11-09,   52579,   16405,   13165
2021-11-16,   52868,   16123,   13431
2021-11-23,   51745,   16719,   11116
2021-11-30,   51695,   17343,   10557
2021-12-07,   50376,   16143,   10988
2021-12-14,   53943,   17007,   10315
2021-12-21,   41614,   14395,    9323
2021-12-28,   42219,   13863,   11042
2022-01-04,   42186,   13910,    9565
2022-01-11,   44044,   15215,   10961
2022-01-18,   47162,   17719,   11677
2022-01-25,   48669,   17582,   11561
2022-02-01,   47867,   14236,   14434
2022-02-08,   46753,   13408,   11814
2022-02-15,   47189,   13604,   11736
2022-02-22,   51586,   15068,   12287
2022-03-01,   49907,   12290,    9863
2022-03-08,   49602,   15072,    9749
2022-03-15,   52947,   13652,    9857
2022-03-22,   42562,   11335,   10773
2022-03-29,   44664,    9804,   12049
2022-04-05,   46538,   11730,   13457
2022-04-12,   45660,   13641,   11043
2022-04-19,   47422,   13147,   11517
2022-04-26,   47395,   13604,   10438
2022-05-03,   45344,   13415,   10197
2022-05-10,   49984,   13844,   11151
2022-05-17,   48711,   13958,   10923
2022-05-24,   51049,   15002,   12257
2022-05-31,   52616,   14888,   13765
2022-06-07,   53659,   16695,   13295
2022-06-14,   60453,   17674,   11993
2022-06-21,   47325,   16578,   10416
2022-06-28,   49609,   15797,   10959
2022-07-05,   51890,   16703,   10524
2022-07-12,   50852,   15394,   11511
2022-07-19,   51278,   15365,    9742
2022-07-26,   53432,   16698,   10336
2022-08-02,   52465,   14984,   10041
2022-08-09,   51757,   14788,   10573
2022-08-16,   53559,   15680,   14311
2022-08-23,   52432,   16857,    9251
2022-08-30,   52728,   15476,   10114
2022-09-06,   57351,   17086,   12677
2022-09-13,   62994,   15056,   12695
2022-09-20,   54363,   14748,   14051
2022-09-27,   56411,   14946,   14956
2022-10-04,   54434,   13959,   14711
2022-10-11,   56257,   16983,   15277
2022-10-18,   54878,   15904,   15601
2022-10-25,   56318,   16498,   15358
2022-11-01,   56493,   14929,   17979
2022-11-08,   54611,   15662,   16145
2022-11-15,   53686,   13633,   14685
2022-11-22,   50542,   13473,   12864
2022-11-29,   50849,   13594,   11643
2022-12-06,   50020,   13747,   11044
2022-12-13,   62597,   14621,   10781
2022-12-20,   49009,   12498,   11595
2022-12-27,   50156,   12753,   12518
2023-01-03,   48932,   11960,   11688
2023-01-10,   50725,   11414,   13044
2023-01-17,   55003,   12324,   16451
2023-01-24,   54777,   12048,   17100
2023-01-31,   55690,   11888,   15059
2023-02-07,   55861,   11662,   14646
2023-02-14,   55237,   10802,   15367
2023-02-21,   53659,   11570,   14384
2023-02-28,   53651,   10789,   15555
2023-03-07,   52162,   11117,   13602
2023-03-14,   61292,   12227,   13521
2023-03-21,   42975,   10613,   11637
2023-03-28,   44015,   10262,   11731
2023-04-04,   46437,    7763,   11440
2023-04-11,   47494,   10321,   10747
2023-04-18,   49012,   11751,   11216
2023-04-25,   49531,   12961,   11935
2023-05-02,  255954,   73064,   59376
2023-05-09,  264599,   78800,   57002
2023-05-16,  283785,   81526,   58135
2023-05-23,  285583,   78584,   61828
2023-05-30,  310068,   85416,   72831
2023-06-06,  318085,   89542,   77268
2023-06-13,  335337,   91391,   73805
2023-06-20,  255039,   71831,   54948
2023-06-27,  265818,   79203,   62511
2023-07-03,  259143,   68020,   62783
2023-07-11,  271791,   70620,   61200
2023-07-18,  278468,   68272,   66705
2023-07-25,  272910,   59273,   71666
2023-08-01,  276532,   64211,   78084
2023-08-08,  281647,   62376,   77564
2023-08-15,  281293,   61059,   60915
2023-08-22,  278608,   61479,   53247
2023-08-29,  282272,   63942,   51656
2023-09-05,  291708,   64075,   54515
2023-09-12,  319625,   59590,   55128
2023-09-19,  241955,   55927,   53691
2023-09-26,  248727,   55953,   57889
2023-10-03,  263748,   63429,   64547
2023-10-10,  264373,   69805,   61603
2023-10-17,  265176,   77044,   62286
2023-10-24,  262564,   66330,   64935
2023-10-31,  270325,   69067,   64315
2023-11-07,  279223,   82864,   63440
2023-11-14,  284718,   70058,   65611
2023-11-21,  295027,   76132,   67623
2023-11-28,  304631,   81194,   69738
2023-12-05,  288233,   75992,   64666
2023-12-12,  348789,   72476,   58376
2023-12-19,  283394,   72084,   48466
2023-12-26,  286224,   78604,   49858
2024-01-02,  281637,   78330,   40250
2024-01-09,  287400,   78944,   43110
2024-01-16,  284650,   78680,   42510
2024-01-23,  302456,   84375,   50737
2024-01-30,  309275,   86972,   47661
2024-02-06,  301342,   83742,   50668
2024-02-13,  312885,   88518,   55105
2024-02-20,  304972,   82979,   56750
2024-02-27,  307552,   79907,   67827
2024-03-05,  309873,   69488,   69335
2024-03-12,  353521,   73204,   71077
2024-03-19,  255935,   68511,   57818
2024-03-26,  260574,   64886,   72155
2024-04-02,  266623,   64284,   71106
2024-04-09,  267024,   66179,   58367
2024-04-16,  263134,   65351,   59192
2024-04-23,  263107,   62829,   58089
2024-04-30,  261962,   61315,   60780
2024-05-07,  242910,   65707,   60326
2024-05-14,  256748,   68568,   64269
2024-05-21,  258244,   68390,   62493
2024-05-28,  265906,   68455,   70512
2024-06-04,  254627,   60959,   58991
2024-06-11,  267660,   61336,   67264
2024-06-18,  345118,   66122,   67610
2024-06-25,  252655,   69542,   61187
2024-07-02,  265554,   71783,   58499
2024-07-09,  271471,   67705,   60099
2024-07-16,  264434,   65921,   59747
2024-07-23,  252187,   53388,   54846
2024-07-30,  266789,   49794,   48827
2024-08-06,  257764,   50648,   37350
2024-08-13,  252979,   48230,   38686
2024-08-20,  253133,   54107,   42604
2024-08-27,  253674,   63961,   42785
2024-09-03,  263973,   67374,   40514
2024-09-10,  269479,   68433,   41001
2024-09-17,  278372,   65981,   45380
2024-09-24,  232823,   51747,   37005
2024-10-01,  239651,   56071,   41463
2024-10-08,  257025,   56872,   44725
2024-10-15,  249104,   46829,   47384
2024-10-22,  254792,   49104,   47732
2024-10-29,  267750,   56266,   51971
2024-11-05,  263529,   61284,   45850
2024-11-12,  288619,   68657,   51908
2024-11-19,  287341,   61892,   43812
2024-11-26,  289033,   68024,   49586
2024-12-03,  307679,   82241,   52777
2024-12-10,  306813,   84419,   48915
2024-12-17,  340251,   85940,   50256
2024-12-24,  251693,   78928,   50836
2024-12-31,  258092,   73675,   50005
2025-01-07,  247811,   70285,   52119
2025-01-14,  261461,   62016,   52315
2025-01-21,  263439,   69166,   50343
2025-01-28,  279517,   81725,   49885
2025-02-04,  271345,   70683,   50690
2025-02-11,  276366,   68694,   53824
2025-02-18,  303715,   82935,   71129
2025-02-25,  301391,   77286,   53870
2025-03-04,  304391,   73119,   54189
2025-03-11,  319420,   73775,   55056
2025-03-18,  320476,   66391,   47613
2025-03-25,  231229,   61737,   52096
2025-04-01,  257117,   67567,   53417
2025-04-08,  266758,   67502,   48219
2025-04-15,  249669,   62942,   39845
2025-04-22,  257271,   66624,   38766
2025-04-29,  265803,   65524,   47148
2025-05-06,  280451,   72355,   53865
2025-05-13,  307490,   72026,   66945
2025-05-20,  301110,   69089,   68455
2025-05-27,  295593,   72608,   67349
2025-06-03,  298126,   70925,   64958
2025-06-10,  298671,   71327,   62215
2025-06-17,  334937,   70973,   63595
2025-06-24,  259948,   77302,   58942
2025-07-01,  274168,   78932,   48452
2025-07-08,  279888,   82108,   46895
2025-07-15,  281893,   86207,   47050
2025-07-22,  281535,   76558,   42336
2025-07-29,  293645,   84598,   45850
2025-08-05,  290285,   84550,   47579
2025-08-12,  316811,   96001,   48894
2025-08-19,  304458,   84077,   46416
2025-08-26,  298322,   86537,   46943
2025-09-02,  296057,   76185,   57959
2025-09-09,  310398,   85105,   57228
2025-09-16,  365891,   86981,   66028
2025-09-23,  281162,   91435,   67416
2025-09-30,  285789,   89804,   48330
2025-10-07,  294285,   92532,   48848
2025-10-14,  290000,   88256,   37957
2025-10-21,  300347,   99017,   49784
2025-10-28,  310555,   97668,   53992
2025-11-04,  304760,   90161,   43005
2025-11-10,  309882,   95865,   46909
2025-11-18,  315545,   89709,   47289
2025-11-25,  315399,   93647,   41882
2025-12-02,  328582,   94669,   53116
2025-12-09,  347119,   95484,   54963
2025-12-16,  403867,   99300,   61228
2025-12-23,  274369,   93583,   60008
2025-12-30,  286451,   96752,   69084
2026-01-06,  284377,   97977,   62376
2026-01-13,  287403,   97965,   66984
2026-01-20,  275966,   86136,   66161
2026-01-27,  269849,   91028,   62148
2026-02-03,  279784,   81685,   69617
2026-02-10,  274666,   78889,   66247
2026-02-17,  287390,   85591,   63439
2026-02-24,  285165,   76599,   68043
2026-03-03,  290391,   71879,   74482
2026-03-10,  275311,   72084,   50355
2026-03-17,  318004,   72274,   51333
2026-03-24,  244680,   67592,   63489
2026-03-31,  256358,   76502,   57031
2026-04-07,  258663,   70032,   60117
2026-04-14,  276532,   69365,   59721
2026-04-21,  290216,   68265,   61653
2026-04-28,  302430,   66824,   72797
2026-05-05,  315421,   68393,   70225
2026-05-12,  316227,   59162,   81061
2026-05-19,  320044,   71907,   79306
2026-05-26,  330617,   69237,   80519
2026-06-02,  345837,   68549,   90634
2026-06-09,  334790,   70466,   81447
2026-06-16,  375254,   71329,   92195
2026-06-23,  276807,   59333,   75605
2026-06-30,  296634,   59160,   77403
2026-07-07,  303152,   65583,   74324
2026-07-14,  307355,   61576,   71889
2026-07-21,  311523,   59542,   69233
2026-07-28,  319776,   67927,   77841
