date,short_volume,total_volume
2018-08-01,8544404.0,11734393.0
2018-08-02,10023588.0,12609780.0
2018-08-03,6415920.0,8425119.0
2018-08-06,4868326.0,6725396.0
2018-08-07,6540522.0,8026821.0
2018-08-08,3695606.0,5788662.0
2018-08-09,3213641.0,4215216.0
2018-08-10,6308953.0,8019998.0
2018-08-13,4635992.0,6072057.0
2018-08-14,3873415.0,5473379.0
2018-08-15,8620364.0,14680153.0
2018-08-16,4607020.0,7272926.0
2018-08-17,7341315.0,11155303.0
2018-08-20,3494741.0,7072833.0
2018-08-21,3573492.0,6229093.0
2018-08-22,2339864.0,4034245.0
2018-08-23,4723748.0,6997847.0
2018-08-24,4025024.0,5721528.0
2018-08-27,6857828.0,8382893.0
2018-08-28,3533157.0,5411948.0
2018-08-29,6369535.0,8658485.0
2018-08-30,4831128.0,7457514.0
2018-08-31,6001674.0,8506655.0
2018-09-04,6207811.0,8623432.0
2018-09-05,7674022.0,10623600.0
2018-09-06,5785099.0,10504747.0
2018-09-07,7375069.0,13013225.0
2018-09-10,3693907.0,5795087.0
2018-09-11,6781712.0,8977673.0
2018-09-12,6479679.0,10182649.0
2018-09-13,6304567.0,8990543.0
2018-09-14,6321422.0,10193042.0
2018-09-17,5412132.0,7659335.0
2018-09-18,7223671.0,9902443.0
2018-09-19,4050318.0,6968151.0
2018-09-20,5730239.0,7951920.0
2018-09-21,6248290.0,10890459.0
2018-09-24,3160444.0,7310216.0
2018-09-25,3079148.0,6242602.0
2018-09-26,3089104.0,7094223.0
2018-09-27,4841013.0,8351013.0
2018-09-28,3528925.0,6844285.0
2018-10-01,3930512.0,7179523.0
2018-10-02,2500644.0,5298822.0
2018-10-03,2666954.0,6321714.0
2018-10-04,11554396.0,22690251.0
2018-10-05,7377736.0,17715743.0
2018-10-08,8835365.0,16437827.0
2018-10-09,5166586.0,9998157.0
2018-10-10,17367184.0,25866516.0
2018-10-11,16350763.0,23791543.0
2018-10-12,8932526.0,19687836.0
2018-10-15,8744873.0,12630912.0
2018-10-16,10415997.0,14369635.0
2018-10-17,11420362.0,15816523.0
2018-10-18,11104384.0,18277594.0
2018-10-19,9322681.0,15315845.0
2018-10-22,6717246.0,11542982.0
2018-10-23,9647660.0,14408950.0
2018-10-24,13067798.0,19518153.0
2018-10-25,10882119.0,16311035.0
2018-10-26,18114214.0,26354247.0
2018-10-29,15895490.0,24781172.0
2018-10-30,10695163.0,18001854.0
2018-10-31,9300039.0,18079096.0
2018-11-01,8905485.0,14313359.0
2018-11-02,12871996.0,19114590.0
2018-11-05,5101904.0,8649048.0
2018-11-06,4444268.0,7713950.0
2018-11-07,6246411.0,10488642.0
2018-11-08,6505333.0,11301299.0
2018-11-09,7572360.0,14411690.0
2018-11-12,5293615.0,13819062.0
2018-11-13,7181558.0,14146055.0
2018-11-14,9978884.0,16781370.0
2018-11-15,12965102.0,16714842.0
2018-11-16,8761810.0,13649016.0
2018-11-19,7748186.0,11835435.0
2018-11-20,15927314.0,26576090.0
2018-11-21,6202868.0,9762118.0
2018-11-23,3844600.0,6177742.0
2018-11-26,6179355.0,9249467.0
2018-11-27,6016359.0,10562420.0
2018-11-28,14128732.0,21743881.0
2018-11-29,8347208.0,12269555.0
2018-11-30,7080266.0,10116779.0
2018-12-03,9966087.0,13771183.0
2018-12-04,10300794.0,15337487.0
2018-12-06,9128790.0,15734397.0
2018-12-07,11505571.0,17109155.0
2018-12-10,10742935.0,15757161.0
2018-12-11,8258950.0,12463337.0
2018-12-12,7796655.0,10807986.0
2018-12-13,6943183.0,11739521.0
2018-12-14,7359237.0,10583894.0
2018-12-17,13082028.0,17871953.0
2018-12-18,11673958.0,16493930.0
2018-12-19,12451081.0,18795096.0
2018-12-20,14068626.0,20709404.0
2018-12-21,13920864.0,24884666.0
2018-12-24,9616295.0,18290610.0
2018-12-26,17085261.0,24176599.0
2018-12-27,12313669.0,21927534.0
2018-12-28,15092835.0,23097686.0
2018-12-31,8722037.0,14895667.0
2019-01-02,6219097.0,13120091.0
2019-01-03,7307110.0,16778290.0
2019-01-04,9397112.0,16367361.0
2019-01-07,8426861.0,16149322.0
2019-01-08,7295921.0,13729315.0
2019-01-09,4781502.0,12230344.0
2019-01-10,4509237.0,9286265.0
2019-01-11,4185195.0,7083487.0
2019-01-14,6055769.0,9913936.0
2019-01-15,3416064.0,8460831.0
2019-01-16,5197449.0,9412291.0
2019-01-17,5600722.0,10418772.0
2019-01-18,13421227.0,21136761.0
2019-01-22,8370752.0,14561251.0
2019-01-23,3453185.0,10402403.0
2019-01-24,7404551.0,11477556.0
2019-01-25,7079053.0,9516050.0
2019-01-28,3301272.0,7532054.0
2019-01-29,7442951.0,10115884.0
2019-01-30,5839821.0,8565897.0
2019-01-31,5076439.0,9265379.0
2019-02-01,5835966.0,9007929.0
2019-02-04,5078394.0,7969635.0
2019-02-05,4482873.0,7392691.0
2019-02-06,3187964.0,6561892.0
2019-02-07,5724540.0,9877518.0
2019-02-08,3393006.0,7430570.0
2019-02-11,2556154.0,4653971.0
2019-02-12,7275256.0,9496837.0
2019-02-13,4695615.0,7547855.0
2019-02-14,4086177.0,7550423.0
2019-02-15,5329088.0,9638271.0
2019-02-19,4704426.0,6088503.0
2019-02-20,4894121.0,8633511.0
2019-02-21,2604692.0,5447376.0
2019-02-22,3264516.0,5711254.0
2019-02-25,6837734.0,10751047.0
2019-02-26,3970480.0,6516790.0
2019-02-27,3733606.0,6410238.0
2019-02-28,3959971.0,6142339.0
2019-03-01,4263845.0,8563498.0
2019-03-04,5036307.0,8421298.0
2019-03-05,3748982.0,6064211.0
2019-03-06,2814189.0,5561385.0
2019-03-07,3724492.0,9352871.0
2019-03-08,3875974.0,8604294.0
2019-03-11,4114023.0,7141917.0
2019-03-12,7528043.0,11208641.0
2019-03-13,16043028.0,20444158.0
2019-03-14,4569371.0,7242096.0
2019-03-15,8278723.0,14062953.0
2019-03-18,5299725.0,10626006.0
2019-03-19,6553604.0,12683219.0
2019-03-20,8215760.0,17029824.0
2019-03-21,5718555.0,9390067.0
2019-03-22,9911643.0,17377578.0
2019-03-25,8451156.0,14314098.0
2019-03-26,4892013.0,9648160.0
2019-03-27,4559419.0,10321511.0
2019-03-28,4325169.0,9181688.0
2019-03-29,4849364.0,9638410.0
2019-04-01,3217021.0,8031274.0
2019-04-02,4371410.0,7008302.0
2019-04-03,5842337.0,9112071.0
2019-04-04,4490675.0,8452006.0
2019-04-05,5475303.0,7938459.0
2019-04-08,3243046.0,6572048.0
2019-04-09,3242191.0,7583223.0
2019-04-10,3956206.0,6522935.0
2019-04-11,3503607.0,5601113.0
2019-04-12,3519506.0,6902694.0
2019-04-15,4290368.0,7937749.0
2019-04-16,6677242.0,9968456.0
2019-04-17,5116326.0,9455701.0
2019-04-18,4591355.0,9161456.0
2019-04-22,1986553.0,3828481.0
2019-04-23,5856958.0,11396956.0
2019-04-24,6527859.0,9419512.0
2019-04-25,4749755.0,8622343.0
2019-04-26,3274175.0,6221352.0
2019-04-29,2202696.0,4516499.0
2019-04-30,5151476.0,9261354.0
2019-05-01,4691099.0,11003847.0
2019-05-02,6366919.0,15061084.0
2019-05-03,5482561.0,8207082.0
2019-05-06,6761813.0,10288436.0
2019-05-07,9734398.0,15443751.0
2019-05-08,5065420.0,7935997.0
2019-05-09,8364143.0,12729205.0
2019-05-10,8836743.0,13415759.0
2019-05-13,11159658.0,15784126.0
2019-05-14,7576975.0,11118618.0
2019-05-15,7166361.0,10767508.0
2019-05-16,8691272.0,11547089.0
2019-05-17,8376716.0,12651942.0
2019-05-20,6776024.0,11779853.0
2019-05-21,6737121.0,12147577.0
2019-05-22,4606893.0,6860988.0
2019-05-23,7429752.0,11713804.0
2019-05-24,4734812.0,7670265.0
2019-05-28,3795942.0,6870528.0
2019-05-29,6864719.0,12299931.0
2019-05-30,4076627.0,8510661.0
2019-05-31,7009649.0,12778228.0
2019-06-03,10994496.0,19991996.0
2019-06-04,9320959.0,14979781.0
2019-06-05,6191953.0,9775517.0
2019-06-06,7386350.0,9882018.0
2019-06-07,9648323.0,12660014.0
2019-06-10,7025489.0,12592771.0
2019-06-11,6964358.0,13508874.0
2019-06-12,3750865.0,10465683.0
2019-06-13,3455910.0,6823918.0
2019-06-14,3300835.0,6410263.0
2019-06-17,2970762.0,5764308.0
2019-06-18,9351892.0,13491557.0
2019-06-19,5696765.0,9342817.0
2019-06-20,9142920.0,13764572.0
2019-06-21,5788260.0,11219766.0
2019-06-24,4083618.0,6983952.0
2019-06-25,7234052.0,12157010.0
2019-06-26,2394656.0,6279330.0
2019-06-27,2305295.0,5315199.0
2019-06-28,2766856.0,5597798.0
2019-07-01,3651078.0,6486265.0
2019-07-02,2083759.0,4303375.0
2019-07-03,2767358.0,5406345.0
2019-07-05,2781791.0,5047009.0
2019-07-08,2901581.0,4790011.0
2019-07-09,3354886.0,6246132.0
2019-07-10,5119462.0,7807980.0
2019-07-11,3681422.0,6441430.0
2019-07-12,3721722.0,6236402.0
2019-07-15,2318299.0,3531283.0
2019-07-16,3119034.0,5253692.0
2019-07-17,3095873.0,4354311.0
2019-07-18,4266649.0,7843232.0
2019-07-19,5825300.0,9803885.0
2019-07-22,2120273.0,4916761.0
2019-07-23,3942015.0,5819026.0
2019-07-24,3376886.0,5278636.0
2019-07-25,3809752.0,5450062.0
2019-07-26,3013785.0,4676490.0
2019-07-29,3630824.0,5174560.0
2019-07-30,2884189.0,4588142.0
2019-07-31,6157953.0,9446630.0
2019-08-01,9515025.0,13801867.0
2019-08-02,6047510.0,9952827.0
2019-08-05,9894279.0,16435021.0
2019-08-06,6099739.0,11560163.0
2019-08-07,8364924.0,13050360.0
2019-08-08,9533416.0,13001206.0
2019-08-09,4663416.0,7099937.0
2019-08-12,3215088.0,5719553.0
2019-08-13,6675146.0,9163527.0
2019-08-14,5400797.0,10465941.0
2019-08-15,2969859.0,6719055.0
2019-08-16,3637068.0,6973760.0
2019-08-19,1896039.0,5206492.0
2019-08-20,1840061.0,5850277.0
2019-08-21,2089198.0,3900787.0
2019-08-22,2747351.0,7471087.0
2019-08-23,6290695.0,10198065.0
2019-08-26,2067684.0,5482315.0
2019-08-27,4724895.0,7497117.0
2019-08-28,1741242.0,4708613.0
2019-08-29,3917699.0,5617030.0
2019-08-30,2209125.0,5496828.0
2019-09-03,3564466.0,6981447.0
2019-09-04,3346643.0,4585714.0
2019-09-05,6368642.0,8789356.0
2019-09-06,2788793.0,5157540.0
2019-09-09,3972182.0,5796331.0
2019-09-10,2636294.0,4687010.0
2019-09-11,3315400.0,4654820.0
2019-09-12,3285975.0,5411104.0
2019-09-13,3848565.0,6801586.0
2019-09-16,1558473.0,5103483.0
2019-09-17,3694806.0,7677403.0
2019-09-18,2317469.0,7598075.0
2019-09-19,3742240.0,6823578.0
2019-09-20,3525186.0,6340097.0
2019-09-23,2169576.0,3900660.0
2019-09-24,3759261.0,7090744.0
2019-09-25,4154081.0,7678411.0
2019-09-26,2714852.0,5012193.0
2019-09-27,5826579.0,9588768.0
2019-09-30,2502985.0,5120373.0
2019-10-01,2234433.0,6581653.0
2019-10-02,2949975.0,10013033.0
2019-10-03,4220706.0,7680230.0
2019-10-04,3484078.0,7869381.0
2019-10-07,2126484.0,4258008.0
2019-10-08,3874894.0,5310312.0
2019-10-09,2681104.0,4477488.0
2019-10-10,2856672.0,5484967.0
2019-10-11,3808720.0,8149236.0
2019-10-14,1303897.0,3199048.0
2019-10-15,2559903.0,6589540.0
2019-10-16,1932334.0,5077286.0
2019-10-17,2556626.0,5247339.0
2019-10-18,3553407.0,6781389.0
2019-10-21,1510938.0,3476074.0
2019-10-22,4513385.0,6721554.0
2019-10-23,1560147.0,3386290.0
2019-10-24,2763399.0,4447499.0
2019-10-25,2628461.0,5535378.0
2019-10-28,2060657.0,4709730.0
2019-10-29,2905750.0,5111294.0
2019-10-30,2081558.0,4174441.0
2019-10-31,3091289.0,6424211.0
2019-11-01,2639919.0,5297514.0
2019-11-04,3604473.0,6116253.0
2019-11-05,3199664.0,4647598.0
2019-11-06,2732674.0,4581439.0
2019-11-07,2514913.0,4150932.0
2019-11-08,1865636.0,3716124.0
2019-11-11,1254970.0,2741447.0
2019-11-12,1496411.0,4302736.0
2019-11-13,1689173.0,4082287.0
2019-11-14,1752706.0,5053995.0
2019-11-15,2871985.0,6017378.0
2019-11-18,1263161.0,5246666.0
2019-11-19,1341911.0,3992893.0
2019-11-20,4541342.0,10836052.0
2019-11-21,2132801.0,3651369.0
2019-11-22,2248187.0,4074329.0
2019-11-25,3261986.0,6142648.0
2019-11-26,2174784.0,3300071.0
2019-11-27,2511300.0,4877072.0
2019-11-29,978885.0,2983762.0
2019-12-02,2319086.0,6734557.0
2019-12-03,4022675.0,7884191.0
2019-12-04,2548841.0,4030622.0
2019-12-05,4163247.0,5840329.0
2019-12-06,2039910.0,3386978.0
2019-12-09,951813.0,3681765.0
2019-12-10,5285495.0,8893680.0
2019-12-11,3265059.0,6141864.0
2019-12-12,3361208.0,7763028.0
2019-12-13,4009023.0,8040046.0
2019-12-16,2221294.0,5697438.0
2019-12-17,1778056.0,4092122.0
2019-12-18,1890965.0,4830103.0
2019-12-19,2911031.0,6332406.0
2019-12-20,5025601.0,9282785.0
2019-12-23,1513815.0,8085159.0
2019-12-24,912582.0,2066484.0
2019-12-26,1544982.0,5061031.0
2019-12-27,1933033.0,4201609.0
2019-12-30,3823869.0,6254641.0
2019-12-31,2661708.0,4198717.0
2020-01-02,8473427.0,11445775.0
2020-01-03,4065577.0,7356395.0
2020-01-06,4140007.0,6151305.0
2020-01-07,5600354.0,9242805.0
2020-01-08,4313154.0,7093648.0
2020-01-09,3405357.0,7261993.0
2020-01-10,2579871.0,5455066.0
2020-01-13,2222862.0,4614499.0
2020-01-14,1921031.0,5490612.0
2020-01-15,3104293.0,6418489.0
2020-01-16,2335586.0,4611919.0
2020-01-17,3914161.0,7828652.0
2020-01-21,3672619.0,5888307.0
2020-01-22,2829800.0,5287274.0
2020-01-23,3484636.0,7563175.0
2020-01-24,5531916.0,11090192.0
2020-01-27,4079353.0,9417642.0
2020-01-28,3914225.0,7053723.0
2020-01-29,6722097.0,9233967.0
2020-01-30,4720715.0,8829183.0
2020-01-31,8540774.0,13567808.0
2020-02-03,2360456.0,5719822.0
2020-02-04,4095562.0,7309134.0
2020-02-05,5647589.0,9304235.0
2020-02-06,3763859.0,6117203.0
2020-02-07,4185049.0,7241431.0
2020-02-10,3638882.0,7585153.0
2020-02-11,5414227.0,9754229.0
2020-02-12,3539101.0,7297650.0
2020-02-13,2414664.0,6101769.0
2020-02-14,3974089.0,7572489.0
2020-02-18,2550228.0,6653934.0
2020-02-19,2386142.0,5380083.0
2020-02-20,5645705.0,12599068.0
2020-02-21,6744136.0,23480111.0
2020-02-24,10346292.0,25240976.0
2020-02-25,10368653.0,23400479.0
2020-02-26,8572452.0,16856196.0
2020-02-27,15729072.0,29280325.0
2020-02-28,16624591.0,30300216.0
2020-03-02,16109892.0,30540083.0
2020-03-03,14733007.0,27035103.0
2020-03-04,5958042.0,18059060.0
2020-03-05,7171148.0,16610606.0
2020-03-06,11262994.0,20498820.0
2020-03-09,9037605.0,21087186.0
2020-03-10,7717716.0,21196540.0
2020-03-11,10467024.0,20686939.0
2020-03-12,12553423.0,25731882.0
2020-03-13,9176889.0,21089801.0
2020-03-16,8023699.0,20808050.0
2020-03-17,12182655.0,26099540.0
2020-03-18,8944654.0,20922198.0
2020-03-19,10369878.0,22214507.0
2020-03-20,14241583.0,24978406.0
2020-03-23,17029852.0,27557967.0
2020-03-24,16472471.0,25477908.0
2020-03-25,14985667.0,25977345.0
2020-03-26,15279088.0,22733348.0
2020-03-27,7862229.0,15271623.0
2020-03-30,6457559.0,15320815.0
2020-03-31,7674596.0,20250903.0
2020-04-01,5206869.0,15161785.0
2020-04-02,6782566.0,16188240.0
2020-04-03,6718834.0,15274268.0
2020-04-06,9415014.0,19370395.0
2020-04-07,10316105.0,20260433.0
2020-04-08,6887525.0,15575199.0
2020-04-09,6425474.0,23023030.0
2020-04-13,6251297.0,13709904.0
2020-04-14,12882697.0,21900387.0
2020-04-15,8964206.0,14938558.0
2020-04-16,14525626.0,22350273.0
2020-04-17,13351825.0,21890051.0
2020-04-20,7621780.0,13374166.0
2020-04-21,12372317.0,24462881.0
2020-04-22,7584253.0,10985865.0
2020-04-23,8965769.0,14045626.0
2020-04-24,8324956.0,12002514.0
2020-04-27,8195057.0,12682784.0
2020-04-28,7627186.0,15059411.0
2020-04-29,8932403.0,14157974.0
2020-04-30,7142287.0,10331938.0
2020-05-01,11158486.0,16858109.0
2020-05-04,5383174.0,9687622.0
2020-05-05,7320119.0,12052065.0
2020-05-06,6194390.0,12443597.0
2020-05-07,5909247.0,11815520.0
2020-05-08,5632065.0,10852777.0
2020-05-11,5446016.0,11694109.0
2020-05-12,5028498.0,12486399.0
2020-05-13,8844222.0,19405318.0
2020-05-14,6700712.0,16381878.0
2020-05-15,9556738.0,19023587.0
2020-05-18,5625947.0,14494835.0
2020-05-19,4774936.0,12594436.0
2020-05-20,9093628.0,13543565.0
2020-05-21,6719081.0,10550680.0
2020-05-22,5960395.0,8949567.0
2020-05-26,6996561.0,10274697.0
2020-05-27,7090711.0,16186918.0
2020-05-28,8582409.0,12206042.0
2020-05-29,8605824.0,14435903.0
2020-06-01,3491006.0,8829651.0
2020-06-02,5815812.0,10994226.0
2020-06-03,6142805.0,15707612.0
2020-06-04,8025799.0,12230939.0
2020-06-05,8581242.0,12505005.0
2020-06-08,4363977.0,10082216.0
2020-06-09,4966279.0,9702175.0
2020-06-10,8829379.0,15817916.0
2020-06-11,10373895.0,20494725.0
2020-06-12,7580862.0,17343440.0
2020-06-15,5280420.0,12561126.0
2020-06-16,4958735.0,11956294.0
2020-06-17,7633458.0,13749386.0
2020-06-18,4857432.0,8871220.0
2020-06-19,12086519.0,18043231.0
2020-06-22,3632948.0,7955061.0
2020-06-23,4643177.0,9321408.0
2020-06-24,6950648.0,15613165.0
2020-06-25,4006684.0,10136622.0
2020-06-26,6833586.0,14483772.0
2020-06-29,4791142.0,9983730.0
2020-06-30,6257405.0,11191398.0
2020-07-01,6643074.0,11278553.0
2020-07-02,5253661.0,10652812.0
2020-07-06,7863834.0,13278687.0
2020-07-07,4558277.0,13156409.0
2020-07-08,3354291.0,10358227.0
2020-07-09,4779344.0,12500115.0
2020-07-10,3422847.0,9428597.0
2020-07-13,11480041.0,16995923.0
2020-07-14,11997864.0,21081274.0
2020-07-15,10962091.0,19767488.0
2020-07-16,8813889.0,16794800.0
2020-07-17,8076077.0,13869317.0
2020-07-20,5417235.0,11243429.0
2020-07-21,6648997.0,13231688.0
2020-07-22,4263828.0,9233674.0
2020-07-23,8941858.0,17637396.0
2020-07-24,10458507.0,16753537.0
2020-07-27,6966848.0,10772722.0
2020-07-28,7207459.0,10640381.0
2020-07-29,5652236.0,8098863.0
2020-07-30,8416317.0,13077291.0
2020-07-31,9188791.0,15175407.0
2020-08-03,3817799.0,10306445.0
2020-08-04,5063122.0,8106336.0
2020-08-05,4691317.0,6857389.0
2020-08-06,6385397.0,9769775.0
2020-08-07,8474703.0,13882699.0
2020-08-10,4813579.0,10436280.0
2020-08-11,8362873.0,14540047.0
2020-08-12,9585438.0,13751448.0
2020-08-13,8125441.0,11435621.0
2020-08-14,8761725.0,13122207.0
2020-08-17,5385955.0,9114798.0
2020-08-18,3710229.0,7817669.0
2020-08-19,5665531.0,9905514.0
2020-08-20,5294458.0,8658190.0
2020-08-21,7386682.0,12613844.0
2020-08-24,5520491.0,11832644.0
2020-08-25,6049642.0,13090286.0
2020-08-26,9636622.0,14849657.0
2020-08-27,8428304.0,16413550.0
2020-08-28,5966208.0,9765949.0
2020-08-31,4553922.0,9263848.0
2020-09-01,5332272.0,10358458.0
2020-09-02,7435698.0,14559276.0
2020-09-03,13101185.0,30271281.0
2020-09-04,14745960.0,33320584.0
2020-09-08,17621935.0,29443735.0
2020-09-09,12063569.0,21549427.0
2020-09-10,9924205.0,22080808.0
2020-09-11,11849787.0,24274262.0
2020-09-14,7023823.0,13347485.0
2020-09-15,7658975.0,16405558.0
2020-09-16,5776558.0,13770460.0
2020-09-17,13926279.0,30688624.0
2020-09-18,17700523.0,30909868.0
2020-09-21,6555146.0,18026154.0
2020-09-22,6028751.0,13715080.0
2020-09-23,7208349.0,15199229.0
2020-09-24,18043819.0,29325574.0
2020-09-25,11391977.0,19978550.0
2020-09-28,16331056.0,23989740.0
2020-09-29,6062118.0,10829424.0
2020-09-30,8540465.0,16205427.0
2020-10-01,14033740.0,20606523.0
2020-10-02,12817631.0,25606616.0
2020-10-05,5251598.0,9883184.0
2020-10-06,9253047.0,16987239.0
2020-10-07,4470000.0,9070844.0
2020-10-08,4371267.0,8653349.0
2020-10-09,5500987.0,10292838.0
2020-10-12,16172240.0,25900727.0
2020-10-13,12043709.0,21075764.0
2020-10-14,6584544.0,13040394.0
2020-10-15,8407578.0,13617370.0
2020-10-16,9902376.0,15156810.0
2020-10-19,5040099.0,10005419.0
2020-10-20,4084261.0,9144693.0
2020-10-21,4367570.0,7837391.0
2020-10-22,4507033.0,10479049.0
2020-10-23,3992897.0,7688044.0
2020-10-26,5922524.0,11196808.0
2020-10-27,5368141.0,10014158.0
2020-10-28,6342166.0,15306757.0
2020-10-29,5125422.0,10167481.0
2020-10-30,8721096.0,17931621.0
2020-11-02,4086090.0,11334496.0
2020-11-03,6433616.0,12923916.0
2020-11-04,12273551.0,20232447.0
2020-11-05,11055701.0,15564439.0
2020-11-06,8526842.0,12597894.0
2020-11-09,13578271.0,21447011.0
2020-11-10,11106743.0,22923630.0
2020-11-11,6737194.0,11760376.0
2020-11-12,8028337.0,11232278.0
2020-11-13,5262421.0,7614086.0
2020-11-16,6479930.0,9016558.0
2020-11-17,3868171.0,6614369.0
2020-11-18,5088442.0,9519631.0
2020-11-19,3776929.0,6395787.0
2020-11-20,4848790.0,10582168.0
2020-11-23,4486219.0,7385320.0
2020-11-24,5745222.0,8312943.0
2020-11-25,5006727.0,8498990.0
2020-11-27,5598872.0,7616118.0
2020-11-30,6009070.0,9048587.0
2020-12-01,5513454.0,8855015.0
2020-12-02,5122571.0,7407669.0
2020-12-03,5442442.0,7219753.0
2020-12-04,4901405.0,6973606.0
2020-12-07,2785436.0,5644100.0
2020-12-08,3870785.0,5459622.0
2020-12-09,8688368.0,15488182.0
2020-12-10,5129789.0,7669886.0
2020-12-11,5929531.0,8560420.0
2020-12-14,6717782.0,8830969.0
2020-12-15,5408719.0,7652783.0
2020-12-16,5543868.0,8599700.0
2020-12-17,4416722.0,8034791.0
2020-12-18,9130764.0,14501410.0
2020-12-21,7510891.0,12045303.0
2020-12-22,5027303.0,8781380.0
2020-12-23,4006802.0,7054203.0
2020-12-24,6162614.0,8612810.0
2020-12-28,3970578.0,7488580.0
2020-12-29,5319101.0,8818938.0
2020-12-30,4045029.0,6067591.0
2020-12-31,2005900.0,6470274.0
2021-01-04,5986435.0,12617868.0
2021-01-05,5271110.0,8932843.0
2021-01-06,7862431.0,15532678.0
2021-01-07,4965425.0,9743047.0
2021-01-08,4480087.0,9010570.0
2021-01-11,4456945.0,9491036.0
2021-01-12,4644708.0,8720095.0
2021-01-13,3178283.0,6192584.0
2021-01-14,3543470.0,7707506.0
2021-01-15,4809510.0,10442395.0
2021-01-19,3323457.0,6718197.0
2021-01-20,5810124.0,9880843.0
2021-01-21,4405540.0,7924792.0
2021-01-22,3521986.0,7082039.0
2021-01-25,5350158.0,11773123.0
2021-01-26,4264055.0,8262076.0
2021-01-27,5114463.0,11781569.0
2021-01-28,6077061.0,12068583.0
2021-01-29,6297781.0,14674489.0
2021-02-01,5446678.0,10785319.0
2021-02-02,5554742.0,9388748.0
2021-02-03,2593460.0,6787425.0
2021-02-04,3492872.0,5739053.0
2021-02-05,3943525.0,7594398.0
2021-02-08,2991377.0,6552051.0
2021-02-09,3012426.0,5947532.0
2021-02-10,4207198.0,8163672.0
2021-02-11,4582522.0,7675110.0
2021-02-12,3276459.0,5478170.0
2021-02-16,5053457.0,8286478.0
2021-02-17,4592915.0,10094282.0
2021-02-18,4926600.0,9947769.0
2021-02-19,8443557.0,15192171.0
2021-02-22,7077004.0,15840423.0
2021-02-23,15768210.0,27193248.0
2021-02-24,12580856.0,19413842.0
2021-02-25,12009662.0,25732356.0
2021-02-26,11942904.0,21158976.0
2021-03-01,3888625.0,12824198.0
2021-03-02,4046480.0,10606026.0
2021-03-03,8172325.0,20422233.0
2021-03-04,17025285.0,27110575.0
2021-03-05,16337902.0,25939472.0
2021-03-08,10152135.0,20172903.0
2021-03-09,15932428.0,22452317.0
2021-03-10,9209587.0,15121786.0
2021-03-11,9182249.0,13902199.0
2021-03-12,12301846.0,22262785.0
2021-03-15,5611802.0,9638690.0
2021-03-16,10445380.0,15777553.0
2021-03-17,11398712.0,18895047.0
2021-03-18,13672885.0,20328185.0
2021-03-19,12912528.0,24063402.0
2021-03-22,10126378.0,14800132.0
2021-03-23,9374649.0,13719506.0
2021-03-24,11411351.0,17162177.0
2021-03-25,10962203.0,17360387.0
2021-03-26,9949655.0,15521327.0
2021-03-29,6579721.0,10087763.0
2021-03-30,5090263.0,10639336.0
2021-03-31,9598836.0,12862014.0
2021-04-01,9986564.0,17143882.0
2021-04-05,9226634.0,12260826.0
2021-04-06,6710050.0,9581667.0
2021-04-07,7797715.0,9838309.0
2021-04-08,6238286.0,8456141.0
2021-04-09,6814189.0,11159262.0
2021-04-12,4791331.0,7857358.0
2021-04-13,4538152.0,6520150.0
2021-04-14,7927683.0,11731965.0
2021-04-15,7903764.0,11666238.0
2021-04-16,11017520.0,17237378.0
2021-04-19,4198984.0,9577485.0
2021-04-20,5238043.0,10075437.0
2021-04-21,6137766.0,12527678.0
2021-04-22,7869327.0,12898022.0
2021-04-23,7389151.0,11842013.0
2021-04-26,6258287.0,10826495.0
2021-04-27,5727199.0,11105338.0
2021-04-28,5782726.0,9320564.0
2021-04-29,6416465.0,10716751.0
2021-04-30,6647858.0,10585381.0
2021-05-03,4412458.0,8574598.0
2021-05-04,9307981.0,17921313.0
2021-05-05,7646734.0,11601616.0
2021-05-06,8058328.0,12170204.0
2021-05-07,8312798.0,12334699.0
2021-05-10,8327655.0,17123143.0
2021-05-11,11712618.0,18416539.0
2021-05-12,12387857.0,21771295.0
2021-05-13,13532606.0,21103771.0
2021-05-14,7705027.0,10544126.0
2021-05-17,6445726.0,12274321.0
2021-05-18,8438876.0,11335051.0
2021-05-19,9770109.0,17363373.0
2021-05-20,8272175.0,13926320.0
2021-05-21,13510387.0,22182738.0
2021-05-24,6655652.0,10023285.0
2021-05-25,7117585.0,9452672.0
2021-05-26,6403422.0,7982667.0
2021-05-27,4668527.0,8716498.0
2021-05-28,5831659.0,9484592.0
2021-06-01,5430520.0,10893525.0
2021-06-02,4082884.0,7284446.0
2021-06-03,4700067.0,11018191.0
2021-06-04,7180292.0,13302101.0
2021-06-07,6367013.0,11002274.0
2021-06-08,4947981.0,7427640.0
2021-06-09,4048128.0,5450827.0
2021-06-10,5899378.0,10137485.0
2021-06-11,4589060.0,6774499.0
2021-06-14,7737380.0,9178438.0
2021-06-15,10126971.0,13764630.0
2021-06-16,12520833.0,16835806.0
2021-06-17,14443284.0,23494131.0
2021-06-18,11506802.0,21674752.0
2021-06-21,6500809.0,10587344.0
2021-06-22,7791335.0,10498600.0
2021-06-23,8066048.0,10273915.0
2021-06-24,9005473.0,12490044.0
2021-06-25,6797448.0,8597161.0
2021-06-28,10572634.0,13437882.0
2021-06-29,8891657.0,12034762.0
2021-06-30,7506681.0,9867454.0
2021-07-01,6996037.0,10096123.0
2021-07-02,6566044.0,9851925.0
2021-07-06,8659536.0,15273594.0
2021-07-07,6890235.0,11933945.0
2021-07-08,7942846.0,12751151.0
2021-07-09,5873886.0,10707058.0
2021-07-12,6285700.0,8940349.0
2021-07-13,8945459.0,13933809.0
2021-07-14,8474610.0,12604835.0
2021-07-15,11041485.0,20107673.0
2021-07-16,11150631.0,17666622.0
2021-07-19,11628254.0,19050718.0
2021-07-20,6635946.0,14211751.0
2021-07-21,5660158.0,10297283.0
2021-07-22,6816016.0,11002225.0
2021-07-23,8461499.0,11663488.0
2021-07-26,5606210.0,8135046.0
2021-07-27,11001470.0,16638220.0
2021-07-28,7755832.0,12545543.0
2021-07-29,4490411.0,7257423.0
2021-07-30,8481195.0,11262230.0
2021-08-02,5943500.0,10103325.0
2021-08-03,6148577.0,12067400.0
2021-08-04,4359068.0,9319210.0
2021-08-05,4289262.0,7629424.0
2021-08-06,8209099.0,12916761.0
2021-08-09,6450211.0,9453991.0
2021-08-10,7435578.0,12137041.0
2021-08-11,6301784.0,9832152.0
2021-08-12,5846556.0,8308325.0
2021-08-13,3773864.0,5791584.0
2021-08-16,8628115.0,12313712.0
2021-08-17,7682359.0,13489408.0
2021-08-18,6821375.0,10582383.0
2021-08-19,10146494.0,14589862.0
2021-08-20,10281334.0,15126731.0
2021-08-23,5413001.0,10775624.0
2021-08-24,4966088.0,8085978.0
2021-08-25,4369953.0,6755132.0
2021-08-26,6384705.0,9655266.0
2021-08-27,5923070.0,7805314.0
2021-08-30,7446233.0,9439997.0
2021-08-31,7384964.0,9739749.0
2021-09-01,7048239.0,9295692.0
2021-09-02,6458263.0,9231908.0
2021-09-03,5726921.0,8165420.0
2021-09-07,5458365.0,7409887.0
2021-09-08,6456631.0,9820363.0
2021-09-09,6742650.0,9789899.0
2021-09-10,6623743.0,10534859.0
2021-09-13,9610215.0,15154207.0
2021-09-14,7843812.0,12229789.0
2021-09-15,5974409.0,9130115.0
2021-09-16,7225424.0,11932806.0
2021-09-17,9639776.0,20172841.0
2021-09-20,10241412.0,20580460.0
2021-09-21,7200055.0,12057738.0
2021-09-22,7962960.0,13094640.0
2021-09-23,6745346.0,13746920.0
2021-09-24,3948033.0,11914167.0
2021-09-27,6029272.0,13679081.0
2021-09-28,15747339.0,27405065.0
2021-09-29,9794874.0,17796554.0
2021-09-30,9961739.0,16698142.0
2021-10-01,7585440.0,15361204.0
2021-10-04,10230564.0,20775041.0
2021-10-05,8507725.0,14666747.0
2021-10-06,9452551.0,17656007.0
2021-10-07,6015875.0,10857304.0
2021-10-08,7651971.0,12689426.0
2021-10-11,5464007.0,9967699.0
2021-10-12,7919642.0,12694128.0
2021-10-13,7158345.0,12960732.0
2021-10-14,9129408.0,13482085.0
2021-10-15,11015525.0,15899619.0
2021-10-18,5349971.0,10029990.0
2021-10-19,5337293.0,9417284.0
2021-10-20,5892007.0,10177266.0
2021-10-21,4797856.0,7912017.0
2021-10-22,7820909.0,11875402.0
2021-10-25,5398011.0,8402725.0
2021-10-26,10625863.0,17145182.0
2021-10-27,10665817.0,15114210.0
2021-10-28,7314952.0,12009217.0
2021-10-29,5774640.0,10255986.0
2021-11-01,6736149.0,10285676.0
2021-11-02,4774908.0,7498554.0
2021-11-03,7560636.0,10419300.0
2021-11-04,6522857.0,12029647.0
2021-11-05,6214216.0,11896336.0
2021-11-08,5984839.0,8948806.0
2021-11-09,7837265.0,11424040.0
2021-11-10,8451199.0,14146906.0
2021-11-11,5970723.0,9838896.0
2021-11-12,6673439.0,10318307.0
2021-11-15,6107389.0,9567332.0
2021-11-16,5305432.0,7765510.0
2021-11-17,4604599.0,8218478.0
2021-11-18,9874570.0,14372790.0
2021-11-19,13856329.0,19034297.0
2021-11-22,15203440.0,22063667.0
2021-11-23,10574931.0,19248306.0
2021-11-24,8243134.0,14255133.0
2021-11-26,8250274.0,15883232.0
2021-11-29,10249410.0,14886492.0
2021-11-30,15588189.0,21723629.0
2021-12-01,13259029.0,21176772.0
2021-12-02,11108675.0,16907756.0
2021-12-03,15921754.0,23196762.0
2021-12-06,9211018.0,14889195.0
2021-12-07,11679188.0,17442028.0
2021-12-08,8437175.0,11753761.0
2021-12-09,10068206.0,14059911.0
2021-12-10,8601312.0,12554748.0
2021-12-13,10940933.0,16954027.0
2021-12-14,12395805.0,22212665.0
2021-12-15,11473000.0,17950001.0
2021-12-16,14488099.0,21945300.0
2021-12-17,11700216.0,21133920.0
2021-12-20,11552227.0,18590071.0
2021-12-21,10382308.0,15610442.0
2021-12-22,7419496.0,11211605.0
2021-12-23,7219944.0,10500485.0
2021-12-27,7651710.0,9929654.0
2021-12-28,7369889.0,10402688.0
2021-12-29,7688571.0,10786455.0
2021-12-30,5408710.0,8342797.0
2021-12-31,7300513.0,9702629.0
2022-01-03,6304838.0,11782295.0
2022-01-04,10614131.0,16472406.0
2022-01-05,11686698.0,19770977.0
2022-01-06,10130351.0,17353471.0
2022-01-07,8202298.0,15474260.0
2022-01-10,15799013.0,24516172.0
2022-01-11,11704486.0,19807315.0
2022-01-12,10001031.0,14400688.0
2022-01-13,16781074.0,22994156.0
2022-01-14,12699480.0,19351515.0
2022-01-18,12071951.0,18387708.0
2022-01-19,12690925.0,19921272.0
2022-01-20,15996731.0,23495413.0
2022-01-21,18204775.0,37401229.0
2022-01-24,23510207.0,43350499.0
2022-01-25,18922132.0,29910968.0
2022-01-26,21390498.0,37263505.0
2022-01-27,14156456.0,24354573.0
2022-01-28,20933741.0,29245091.0
2022-01-31,19714801.0,29303349.0
2022-02-01,12874133.0,21143620.0
2022-02-02,15924134.0,22382624.0
2022-02-03,16915664.0,25363716.0
2022-02-04,11323946.0,21087815.0
2022-02-07,9088697.0,17062170.0
2022-02-08,15089620.0,21702105.0
2022-02-09,11373512.0,16908426.0
2022-02-10,19495389.0,31353767.0
2022-02-11,14696454.0,27553649.0
2022-02-14,12799451.0,19261366.0
2022-02-15,10038453.0,15264349.0
2022-02-16,12516446.0,17796734.0
2022-02-17,11068549.0,17109697.0
2022-02-18,12504923.0,21773800.0
2022-02-22,13604411.0,23953862.0
2022-02-23,12691390.0,26018225.0
2022-02-24,15449524.0,33598041.0
2022-02-25,11979430.0,21325545.0
2022-02-28,10459037.0,20766539.0
2022-03-01,12722002.0,17779306.0
2022-03-02,13237771.0,18999999.0
2022-03-03,14333274.0,20937156.0
2022-03-04,13813377.0,20427540.0
2022-03-07,15677892.0,23066861.0
2022-03-08,21533538.0,30387671.0
2022-03-09,12042619.0,16430687.0
2022-03-10,13051482.0,20251395.0
2022-03-11,10523214.0,16324141.0
2022-03-14,10747404.0,19196402.0
2022-03-15,13329536.0,23303888.0
2022-03-16,19781086.0,32977663.0
2022-03-17,17575906.0,23384470.0
2022-03-18,21535504.0,29297521.0
2022-03-21,16172777.0,24328966.0
2022-03-22,13110949.0,22164815.0
2022-03-23,15619104.0,22262690.0
2022-03-24,11723507.0,15216558.0
2022-03-25,13890274.0,21306062.0
2022-03-28,12289314.0,16704691.0
2022-03-29,14884683.0,22228158.0
2022-03-30,16149019.0,22465795.0
2022-03-31,15770151.0,22378303.0
2022-04-01,7723538.0,16360274.0
2022-04-04,7077673.0,13359401.0
2022-04-05,13756856.0,19720954.0
2022-04-06,13707144.0,24509379.0
2022-04-07,12985304.0,19729163.0
2022-04-08,10135859.0,20068915.0
2022-04-11,9912124.0,20669768.0
2022-04-12,9157713.0,19334007.0
2022-04-13,10542442.0,17877308.0
2022-04-14,13492063.0,24576037.0
2022-04-18,9589002.0,17630304.0
2022-04-19,11259668.0,17441543.0
2022-04-20,9360681.0,18171238.0
2022-04-21,12371057.0,23217720.0
2022-04-22,11502440.0,23191031.0
2022-04-25,16503869.0,29341042.0
2022-04-26,18362076.0,28582476.0
2022-04-27,17088281.0,29231907.0
2022-04-28,16568087.0,28674222.0
2022-04-29,17199853.0,25974004.0
2022-05-02,13853790.0,30933379.0
2022-05-03,13588337.0,22800997.0
2022-05-04,19671001.0,30840346.0
2022-05-05,22436775.0,37308586.0
2022-05-06,21748668.0,32692524.0
2022-05-09,18852922.0,34805077.0
2022-05-10,18579204.0,33888907.0
2022-05-11,17889961.0,34415753.0
2022-05-12,18366764.0,34898678.0
2022-05-13,16159775.0,29439236.0
2022-05-16,9818539.0,19742454.0
2022-05-17,12309090.0,22297651.0
2022-05-18,12448043.0,25496376.0
2022-05-19,13730341.0,25819203.0
2022-05-20,18656526.0,33447342.0
2022-05-23,14835318.0,22678166.0
2022-05-24,13458588.0,26495242.0
2022-05-25,13792525.0,24942743.0
2022-05-26,11215445.0,22280594.0
2022-05-27,14175805.0,25308642.0
2022-05-31,12389232.0,22051852.0
2022-06-01,13620448.0,25335024.0
2022-06-02,9753337.0,19400015.0
2022-06-03,10078039.0,20385885.0
2022-06-06,10827059.0,19274674.0
2022-06-07,10248549.0,14940203.0
2022-06-08,9387082.0,14191071.0
2022-06-09,13371074.0,20079489.0
2022-06-10,13914310.0,27228517.0
2022-06-13,19291389.0,32681377.0
2022-06-14,15222531.0,22890138.0
2022-06-15,14292915.0,27090675.0
2022-06-16,15467944.0,25526677.0
2022-06-17,19661103.0,33197802.0
2022-06-21,11686409.0,18255033.0
2022-06-22,16031902.0,23538057.0
2022-06-23,13907645.0,20447331.0
2022-06-24,12455641.0,18538418.0
2022-06-27,10978561.0,18977058.0
2022-06-28,15888090.0,24103334.0
2022-06-29,16780254.0,24640849.0
2022-06-30,15532618.0,25990082.0
2022-07-01,11401659.0,20035850.0
2022-07-05,14414456.0,22079698.0
2022-07-06,10567380.0,18954977.0
2022-07-07,16106636.0,24123726.0
2022-07-08,11220225.0,21636950.0
2022-07-11,13833638.0,21247302.0
2022-07-12,14029691.0,21327027.0
2022-07-13,13915131.0,21065190.0
2022-07-14,15565526.0,22998968.0
2022-07-15,18315047.0,26773856.0
2022-07-18,13690090.0,22617642.0
2022-07-19,13774590.0,19601001.0
2022-07-20,14710227.0,24605486.0
2022-07-21,12894049.0,19857807.0
2022-07-22,12071652.0,20111515.0
2022-07-25,9097724.0,13900861.0
2022-07-26,12092740.0,17627458.0
2022-07-27,16728942.0,22343906.0
2022-07-28,13685117.0,20415191.0
2022-07-29,15436782.0,21130443.0
2022-08-01,11612460.0,17977318.0
2022-08-02,10613634.0,16789835.0
2022-08-03,13939770.0,19541085.0
2022-08-04,10993779.0,14796570.0
2022-08-05,14518161.0,19444055.0
2022-08-08,11502710.0,16476787.0
2022-08-09,10804882.0,14875618.0
2022-08-10,10712976.0,15478476.0
2022-08-11,11503499.0,15383417.0
2022-08-12,11009514.0,13821156.0
2022-08-15,12356025.0,16434781.0
2022-08-16,12606285.0,17013320.0
2022-08-17,13494666.0,19240512.0
2022-08-18,10239070.0,15155771.0
2022-08-19,14302348.0,22155224.0
2022-08-22,12287601.0,20893096.0
2022-08-23,10905529.0,16063523.0
2022-08-24,10909330.0,15783625.0
2022-08-25,8836230.0,15169444.0
2022-08-26,16268245.0,25039748.0
2022-08-29,12217659.0,18350735.0
2022-08-30,12648469.0,20655655.0
2022-08-31,9646537.0,17203770.0
2022-09-01,12655944.0,21624133.0
2022-09-02,15737564.0,23340548.0
2022-09-06,11252457.0,22830461.0
2022-09-07,11612499.0,18392980.0
2022-09-08,15355153.0,22215174.0
2022-09-09,15061461.0,20911228.0
2022-09-12,12773660.0,18288523.0
2022-09-13,17110123.0,28697833.0
2022-09-14,13148698.0,20194898.0
2022-09-15,14583833.0,22860279.0
2022-09-16,19426241.0,32079274.0
2022-09-19,12410334.0,18212731.0
2022-09-20,12486797.0,17970764.0
2022-09-21,18245680.0,25126504.0
2022-09-22,14396715.0,23721599.0
2022-09-23,9839852.0,26693128.0
2022-09-26,16067955.0,26343868.0
2022-09-27,14081839.0,24407040.0
2022-09-28,17471039.0,26006651.0
2022-09-29,17602421.0,29618097.0
2022-09-30,19307048.0,26396129.0
2022-10-03,13245386.0,20651864.0
2022-10-04,15029700.0,25094236.0
2022-10-05,15194929.0,21366375.0
2022-10-06,12152670.0,18828846.0
2022-10-07,11733141.0,22871078.0
2022-10-10,13892763.0,21915788.0
2022-10-11,14130253.0,23421083.0
2022-10-12,10267689.0,17318975.0
2022-10-13,19587991.0,37800788.0
2022-10-14,12716582.0,24238587.0
2022-10-17,11133668.0,19095874.0
2022-10-18,15183870.0,22471958.0
2022-10-19,10593399.0,19375591.0
2022-10-20,14736316.0,23120864.0
2022-10-21,14613304.0,27101012.0
2022-10-24,11390302.0,24381879.0
2022-10-25,12081119.0,20439281.0
2022-10-26,11586511.0,21655944.0
2022-10-27,10256663.0,16908121.0
2022-10-28,14971354.0,20982540.0
2022-10-31,9551345.0,16088803.0
2022-11-01,9745433.0,16468720.0
2022-11-02,14551414.0,22970843.0
2022-11-03,16062573.0,24304895.0
2022-11-04,16361600.0,27530913.0
2022-11-07,13983133.0,19101709.0
2022-11-08,18725364.0,25829546.0
2022-11-09,16381117.0,24356384.0
2022-11-10,22260553.0,29888206.0
2022-11-11,15072934.0,21939218.0
2022-11-14,11644218.0,19733999.0
2022-11-15,18407293.0,26351419.0
2022-11-16,11614226.0,16793243.0
2022-11-17,14130567.0,19998259.0
2022-11-18,13704581.0,20697857.0
2022-11-21,11195986.0,16616604.0
2022-11-22,10814671.0,16632891.0
2022-11-23,7825959.0,16985262.0
2022-11-25,2952642.0,6019706.0
2022-11-28,7627388.0,14867495.0
2022-11-29,8321859.0,13169103.0
2022-11-30,15770296.0,25108461.0
2022-12-01,11936179.0,19838992.0
2022-12-02,11327637.0,18656025.0
2022-12-05,9198652.0,15847786.0
2022-12-06,9977536.0,20123474.0
2022-12-07,9087833.0,16459090.0
2022-12-08,9086995.0,15788979.0
2022-12-09,11799258.0,16087309.0
2022-12-12,6927108.0,12628223.0
2022-12-13,9300230.0,24534959.0
2022-12-14,8025234.0,19572346.0
2022-12-15,12201374.0,20371587.0
2022-12-16,17624258.0,26062503.0
2022-12-19,7236314.0,15634660.0
2022-12-20,10403294.0,18754632.0
2022-12-21,10765681.0,17414094.0
2022-12-22,11957441.0,19476245.0
2022-12-23,8143755.0,14212827.0
2022-12-27,7979061.0,13921883.0
2022-12-28,11103781.0,17730366.0
2022-12-29,8581993.0,17029737.0
2022-12-30,8168031.0,14207576.0
2023-01-03,7703116.0,13754700.0
2023-01-04,8400580.0,15210640.0
2023-01-05,10004895.0,15046214.0
2023-01-06,9217072.0,15081300.0
2023-01-09,10917912.0,16279412.0
2023-01-10,7627107.0,13112847.0
2023-01-11,9103830.0,14232051.0
2023-01-12,12767949.0,19858726.0
2023-01-13,7532665.0,14744050.0
2023-01-17,7150717.0,12018260.0
2023-01-18,11419205.0,16894748.0
2023-01-19,12423589.0,17671981.0
2023-01-20,16058832.0,23098187.0
2023-01-23,13205722.0,19078463.0
2023-01-24,10829240.0,14453006.0
2023-01-25,10218910.0,14811986.0
2023-01-26,12528497.0,17599960.0
2023-01-27,11986078.0,16374812.0
2023-01-30,9544697.0,17143733.0
2023-01-31,7270327.0,14234985.0
2023-02-01,11003808.0,20091000.0
2023-02-02,16372404.0,27037299.0
2023-02-03,12413626.0,22424558.0
2023-02-06,7988320.0,13984826.0
2023-02-07,15327399.0,22823837.0
2023-02-08,12280212.0,22240381.0
2023-02-09,8580358.0,15457520.0
2023-02-10,10311326.0,16488762.0
2023-02-13,7567445.0,13564421.0
2023-02-14,12064513.0,17821628.0
2023-02-15,7848099.0,14361098.0
2023-02-16,10391188.0,17801581.0
2023-02-17,12626509.0,20896909.0
2023-02-21,8143374.0,16041456.0
2023-02-22,9798020.0,17204499.0
2023-02-23,11684973.0,19734705.0
2023-02-24,10827715.0,20961789.0
2023-02-27,8330606.0,12908268.0
2023-02-28,6848490.0,12113503.0
2023-03-01,8510107.0,14713063.0
2023-03-02,7880400.0,15285423.0
2023-03-03,10865386.0,16705708.0
2023-03-06,10590624.0,15162063.0
2023-03-07,10540042.0,18241486.0
2023-03-08,10439649.0,14928576.0
2023-03-09,12510975.0,20470474.0
2023-03-10,14305390.0,23329462.0
2023-03-13,9619432.0,22129844.0
2023-03-14,11254444.0,20161422.0
2023-03-15,14151106.0,22662583.0
2023-03-16,16416841.0,23723989.0
2023-03-17,22693774.0,29409641.0
2023-03-20,9996877.0,15704433.0
2023-03-21,7888941.0,14375372.0
2023-03-22,12766851.0,20926628.0
2023-03-23,16117306.0,22469747.0
2023-03-24,10683789.0,16181153.0
2023-03-27,12473435.0,17107870.0
2023-03-28,10431913.0,15506536.0
2023-03-29,11099710.0,15549980.0
2023-03-30,14419765.0,19874307.0
2023-03-31,13097503.0,18808332.0
2023-04-03,8351135.0,14093964.0
2023-04-04,8535749.0,14469320.0
2023-04-05,13978164.0,20916418.0
2023-04-06,8754577.0,14058681.0
2023-04-10,7607717.0,14819424.0
2023-04-11,6260176.0,13368881.0
2023-04-12,9714821.0,19350026.0
2023-04-13,8172883.0,15783783.0
2023-04-14,9046391.0,19533011.0
2023-04-17,5788084.0,14579092.0
2023-04-18,9958338.0,16158863.0
2023-04-19,7397546.0,12565611.0
2023-04-20,12286172.0,18885679.0
2023-04-21,13169011.0,20183828.0
2023-04-24,10464127.0,16267016.0
2023-04-25,11436338.0,17632253.0
2023-04-26,11458949.0,17557307.0
2023-04-27,11450503.0,20002481.0
2023-04-28,11113342.0,16463018.0
2023-05-01,7523163.0,14398178.0
2023-05-02,8189917.0,19166761.0
2023-05-03,10012132.0,18353446.0
2023-05-04,8578376.0,13691193.0
2023-05-05,8944850.0,14549092.0
2023-05-08,5898006.0,12824251.0
2023-05-09,5643124.0,10191619.0
2023-05-10,8676181.0,17086238.0
2023-05-11,7118031.0,12650557.0
2023-05-12,6270964.0,13376713.0
2023-05-15,6351689.0,10947578.0
2023-05-16,6582674.0,13307607.0
2023-05-17,7847290.0,13629330.0
2023-05-18,11041049.0,19394274.0
2023-05-19,9941024.0,19360848.0
2023-05-22,7123617.0,12262486.0
2023-05-23,10037789.0,16096267.0
2023-05-24,10646681.0,19159445.0
2023-05-25,12019759.0,20360207.0
2023-05-26,14465482.0,19349210.0
2023-05-30,12667158.0,19674528.0
2023-05-31,12409716.0,21012542.0
2023-06-01,10091970.0,16391387.0
2023-06-02,10556499.0,16807098.0
2023-06-05,9642900.0,15244099.0
2023-06-06,8965685.0,14394815.0
2023-06-07,12642426.0,24997506.0
2023-06-08,9053411.0,15513592.0
2023-06-09,10987106.0,20895407.0
2023-06-12,9770398.0,14802399.0
2023-06-13,11630737.0,17982637.0
2023-06-14,14081746.0,21456514.0
2023-06-15,17319492.0,24431745.0
2023-06-16,22233723.0,37144334.0
2023-06-20,10798482.0,17357045.0
2023-06-21,14951310.0,21688095.0
2023-06-22,10769213.0,15074641.0
2023-06-23,9975517.0,16662569.0
2023-06-26,12473737.0,18086027.0
2023-06-27,13387338.0,18297236.0
2023-06-28,12364804.0,16567763.0
2023-06-29,9074056.0,15380801.0
2023-06-30,11526235.0,16592236.0
2023-07-03,3346937.0,6461268.0
2023-07-05,6773938.0,11829781.0
2023-07-06,8429661.0,16200136.0
2023-07-07,8251778.0,14403840.0
2023-07-10,10059251.0,17412062.0
2023-07-11,6765630.0,11845243.0
2023-07-12,13314014.0,21753317.0
2023-07-13,9902984.0,15641082.0
2023-07-14,9493618.0,16965268.0
2023-07-17,8093322.0,12922937.0
2023-07-18,11360334.0,16654869.0
2023-07-19,10893263.0,17353390.0
2023-07-20,13743482.0,21032351.0
2023-07-21,13027466.0,18828595.0
2023-07-24,8329169.0,14004426.0
2023-07-25,7370554.0,14106848.0
2023-07-26,8373928.0,15155123.0
2023-07-27,13881904.0,21910642.0
2023-07-28,12300146.0,19318143.0
2023-07-31,8730270.0,13941511.0
2023-08-01,7440126.0,14492778.0
2023-08-02,16503342.0,26083847.0
2023-08-03,9679447.0,14146408.0
2023-08-04,14109822.0,21274659.0
2023-08-07,10188466.0,14540208.0
2023-08-08,10532371.0,16426755.0
2023-08-09,11783034.0,18318661.0
2023-08-10,15642983.0,31255783.0
2023-08-11,11825329.0,16575562.0
2023-08-14,7220508.0,14662438.0
2023-08-15,8066624.0,15759776.0
2023-08-16,12069806.0,20101284.0
2023-08-17,11436341.0,23309766.0
2023-08-18,11193778.0,23202760.0
2023-08-21,7763785.0,16748200.0
2023-08-22,8556742.0,16722912.0
2023-08-23,9126353.0,17117681.0
2023-08-24,11437456.0,22897801.0
2023-08-25,11201384.0,24712386.0
2023-08-28,8057886.0,15670495.0
2023-08-29,16285354.0,23957126.0
2023-08-30,10406938.0,15747148.0
2023-08-31,9179594.0,13265280.0
2023-09-01,8341630.0,13143808.0
2023-09-05,8616695.0,12281250.0
2023-09-06,10300376.0,15775082.0
2023-09-07,9384003.0,16919109.0
2023-09-08,7352261.0,11373324.0
2023-09-11,5942459.0,13930615.0
2023-09-12,6625783.0,13184301.0
2023-09-13,7805819.0,13886164.0
2023-09-14,7976470.0,17648433.0
2023-09-15,8425516.0,24198135.0
2023-09-18,7486059.0,13489200.0
2023-09-19,6634717.0,12590605.0
2023-09-20,6902826.0,13478129.0
2023-09-21,12168396.0,20067093.0
2023-09-22,9789331.0,15273245.0
2023-09-25,6513755.0,11958048.0
2023-09-26,9206593.0,17596818.0
2023-09-27,10051658.0,18644421.0
2023-09-28,11250234.0,17477587.0
2023-09-29,12530794.0,19624293.0
2023-10-02,9872643.0,14382234.0
2023-10-03,11181330.0,17449851.0
2023-10-04,9139436.0,14971343.0
2023-10-05,10291776.0,15739498.0
2023-10-06,10630998.0,20558820.0
2023-10-09,10082189.0,14517479.0
2023-10-10,11148756.0,15588258.0
2023-10-11,7767537.0,12125549.0
2023-10-12,10143032.0,15948949.0
2023-10-13,10220466.0,15725118.0
2023-10-16,7111084.0,13894816.0
2023-10-17,8244582.0,16117484.0
2023-10-18,11087366.0,16473303.0
2023-10-19,13567508.0,18930401.0
2023-10-20,16045292.0,25409602.0
2023-10-23,10306179.0,18316671.0
2023-10-24,6640206.0,13356509.0
2023-10-25,12017842.0,20942580.0
2023-10-26,13873453.0,22898824.0
2023-10-27,9732423.0,20129133.0
2023-10-30,10981604.0,16649089.0
2023-10-31,8601678.0,14068522.0
2023-11-01,11793329.0,17842877.0
2023-11-02,10523553.0,18136471.0
2023-11-03,11929973.0,18182371.0
2023-11-06,7780581.0,12879932.0
2023-11-07,10750715.0,17333279.0
2023-11-08,7746853.0,12365242.0
2023-11-09,11179302.0,16792425.0
2023-11-10,11896437.0,17594637.0
2023-11-13,10528132.0,14217905.0
2023-11-14,14598757.0,20025029.0
2023-11-15,13201700.0,18804465.0
2023-11-16,9249843.0,13154910.0
2023-11-17,9264586.0,18145452.0
2023-11-20,8273902.0,14043422.0
2023-11-21,9130785.0,15015825.0
2023-11-22,7472401.0,14716117.0
2023-11-24,3650159.0,6663498.0
2023-11-27,7081964.0,11810313.0
2023-11-28,5909160.0,11059281.0
2023-11-29,9487576.0,15689568.0
2023-11-30,12183954.0,20991960.0
2023-12-01,8801026.0,12765452.0
2023-12-04,8674911.0,18117188.0
2023-12-05,6918033.0,13474419.0
2023-12-06,7463958.0,14922159.0
2023-12-07,7676978.0,14929990.0
2023-12-08,7527284.0,13538723.0
2023-12-11,8707235.0,15175381.0
2023-12-12,7217682.0,13148939.0
2023-12-13,11393834.0,17464266.0
2023-12-14,12244607.0,19820021.0
2023-12-15,20301434.0,27057083.0
2023-12-18,12450122.0,17885186.0
2023-12-19,10571732.0,14665574.0
2023-12-20,11693267.0,16657092.0
2023-12-21,6127262.0,12109389.0
2023-12-22,6824112.0,10104778.0
2023-12-26,4199700.0,6823572.0
2023-12-27,6994702.0,11011561.0
2023-12-28,6421667.0,10393068.0
2023-12-29,8068743.0,12921348.0
2024-01-02,9337788.0,16648997.0
2024-01-03,8281596.0,16506787.0
2024-01-04,5440777.0,13679667.0
2024-01-05,7050521.0,14249325.0
2024-01-08,6978721.0,12295890.0
2024-01-09,6331455.0,12221426.0
2024-01-10,5583873.0,11403835.0
2024-01-11,8394836.0,16531435.0
2024-01-12,5802862.0,12207200.0
2024-01-16,10887402.0,14780422.0
2024-01-17,12875014.0,19229644.0
2024-01-18,15804657.0,22277975.0
2024-01-19,17369055.0,25269616.0
2024-01-22,9316195.0,16542431.0
2024-01-23,7296469.0,12375566.0
2024-01-24,10620372.0,17966899.0
2024-01-25,8886316.0,15001595.0
2024-01-26,8325418.0,13594449.0
2024-01-29,9437021.0,14726943.0
2024-01-30,7439440.0,12124130.0
2024-01-31,9984835.0,21083709.0
2024-02-01,9416347.0,16017580.0
2024-02-02,9107480.0,17428295.0
2024-02-05,6753960.0,12168336.0
2024-02-06,8896496.0,12212713.0
2024-02-07,10312024.0,14335324.0
2024-02-08,7067165.0,9804554.0
2024-02-09,9513337.0,12612891.0
2024-02-12,5652021.0,10717220.0
2024-02-13,11252152.0,21081831.0
2024-02-14,7462928.0,13685338.0
2024-02-15,6303536.0,13032479.0
2024-02-16,9431062.0,19590022.0
2024-02-20,8859628.0,16651730.0
2024-02-21,7308711.0,16845761.0
2024-02-22,9949652.0,15221937.0
2024-02-23,8444184.0,12286483.0
2024-02-26,7785477.0,11904128.0
2024-02-27,6899779.0,11436611.0
2024-02-28,5153604.0,9278850.0
2024-02-29,6948583.0,13655370.0
2024-03-01,10345685.0,15191693.0
2024-03-04,5404528.0,10637724.0
2024-03-05,7843257.0,17847984.0
2024-03-06,5282772.0,13534134.0
2024-03-07,5413946.0,11671533.0
2024-03-08,10467131.0,19261658.0
2024-03-11,6632558.0,12154050.0
2024-03-12,8357166.0,17653433.0
2024-03-13,8138612.0,12978047.0
2024-03-14,9306844.0,18411798.0
2024-03-15,15782403.0,25782650.0
2024-03-18,5337127.0,12556456.0
2024-03-19,5807594.0,11739894.0
2024-03-20,6096410.0,12552978.0
2024-03-21,5901109.0,12471116.0
2024-03-22,4444941.0,8911729.0
2024-03-25,4458805.0,9254053.0
2024-03-26,4364814.0,9561354.0
2024-03-27,5979281.0,13794200.0
2024-03-28,5031443.0,10338915.0
2024-04-01,6074639.0,12726189.0
2024-04-02,7379907.0,14343912.0
2024-04-03,7904348.0,14575326.0
2024-04-04,6705708.0,16348410.0
2024-04-05,9287246.0,15120229.0
2024-04-08,4988778.0,9507038.0
2024-04-09,6281975.0,12484061.0
2024-04-10,8658734.0,18021589.0
2024-04-11,9464246.0,15411835.0
2024-04-12,10224217.0,16417261.0
2024-04-15,7877444.0,17597609.0
2024-04-16,6144710.0,13883041.0
2024-04-17,10697197.0,17646997.0
2024-04-18,7846044.0,14723771.0
2024-04-19,13650941.0,23545011.0
2024-04-22,11395672.0,19555239.0
2024-04-23,9595015.0,14865653.0
2024-04-24,8275638.0,14138066.0
2024-04-25,9282625.0,16476671.0
2024-04-26,7669773.0,13295773.0
2024-04-29,5700644.0,10330471.0
2024-04-30,9481542.0,15073369.0
2024-05-01,7784788.0,14939974.0
2024-05-02,5891146.0,11977614.0
2024-05-03,10100056.0,16157659.0
2024-05-06,5217540.0,9758979.0
2024-05-07,5518093.0,8698742.0
2024-05-08,3709621.0,7122786.0
2024-05-09,4545468.0,8882035.0
2024-05-10,4596544.0,9411057.0
2024-05-13,2885148.0,7966573.0
2024-05-14,5464499.0,10041839.0
2024-05-15,7091060.0,13170613.0
2024-05-16,6464817.0,12277385.0
2024-05-17,8435219.0,13373874.0
2024-05-20,4549140.0,7914108.0
2024-05-21,3970285.0,7071124.0
2024-05-22,4942889.0,8368466.0
2024-05-23,6757566.0,13680470.0
2024-05-24,4734778.0,10869920.0
2024-05-28,4018916.0,10414363.0
2024-05-29,4123497.0,8835763.0
2024-05-30,3756663.0,9894576.0
2024-05-31,6615277.0,19504405.0
2024-06-03,8020740.0,12498926.0
2024-06-04,4600653.0,8316058.0
2024-06-05,6549831.0,11646738.0
2024-06-06,5212285.0,8240098.0
2024-06-07,3556318.0,8708082.0
2024-06-10,3396470.0,7172961.0
2024-06-11,3131357.0,8030618.0
2024-06-12,5471431.0,12181272.0
2024-06-13,4486801.0,9646498.0
2024-06-14,4382949.0,9221216.0
2024-06-17,6219223.0,13725213.0
2024-06-18,4034020.0,7480983.0
2024-06-20,6246931.0,12475237.0
2024-06-21,9367712.0,15471288.0
2024-06-24,6108986.0,11373871.0
2024-06-25,4924962.0,9436733.0
2024-06-26,3993491.0,6524481.0
2024-06-27,7190426.0,10713337.0
2024-06-28,7780626.0,13160088.0
2024-07-01,4444365.0,10081140.0
2024-07-02,4835956.0,9147923.0
2024-07-03,3185068.0,5772408.0
2024-07-05,5382330.0,9694223.0
2024-07-08,4016515.0,8110606.0
2024-07-09,4873556.0,9233345.0
2024-07-10,4974436.0,9145896.0
2024-07-11,7791837.0,16436634.0
2024-07-12,6090456.0,11541091.0
2024-07-15,4506343.0,10810863.0
2024-07-16,3285957.0,8707361.0
2024-07-17,8491321.0,18417736.0
2024-07-18,5078456.0,14972915.0
2024-07-19,8109723.0,13827794.0
2024-07-22,5505189.0,13774278.0
2024-07-23,5174820.0,8452384.0
2024-07-24,9813890.0,21428644.0
2024-07-25,8584497.0,21103761.0
2024-07-26,5663767.0,14142284.0
2024-07-29,4098007.0,9584422.0
2024-07-30,7561652.0,14465581.0
2024-07-31,6939758.0,13247888.0
2024-08-01,10156766.0,18455949.0
2024-08-02,9884000.0,21440255.0
2024-08-05,12499367.0,24242022.0
2024-08-06,12389196.0,20141542.0
2024-08-07,10683547.0,21253343.0
2024-08-08,8249871.0,15555758.0
2024-08-09,5804834.0,11542610.0
2024-08-12,5030270.0,9635275.0
2024-08-13,7845733.0,12579150.0
2024-08-14,7429026.0,12631785.0
2024-08-15,8476641.0,11835962.0
2024-08-16,9551292.0,13063464.0
2024-08-19,4910307.0,7904655.0
2024-08-20,6249528.0,11052989.0
2024-08-21,4666027.0,9360374.0
2024-08-22,6275080.0,12563824.0
2024-08-23,6891639.0,12956802.0
2024-08-26,5085413.0,10218986.0
2024-08-27,4001281.0,8539681.0
2024-08-28,5966445.0,11832874.0
2024-08-29,6106280.0,12678794.0
2024-08-30,5621071.0,11598896.0
2024-09-03,6530825.0,15095869.0
2024-09-04,4794481.0,10493755.0
2024-09-05,4955813.0,10449371.0
2024-09-06,9144229.0,15435910.0
2024-09-09,5043790.0,10813437.0
2024-09-10,4854163.0,9512997.0
2024-09-11,10081327.0,17464406.0
2024-09-12,9965372.0,13513216.0
2024-09-13,4639634.0,8389394.0
2024-09-16,3976757.0,6873621.0
2024-09-17,5133942.0,8492904.0
2024-09-18,6326612.0,11571849.0
2024-09-19,11466427.0,19278208.0
2024-09-20,8475706.0,12435257.0
2024-09-23,3468105.0,6565511.0
2024-09-24,4058653.0,7634338.0
2024-09-25,5076437.0,7498972.0
2024-09-26,5994033.0,8790783.0
2024-09-27,4753735.0,7436494.0
2024-09-30,5367951.0,9012116.0
2024-10-01,8434066.0,15396352.0
2024-10-02,4891929.0,7264213.0
2024-10-03,5531745.0,7938645.0
2024-10-04,5587652.0,8394303.0
2024-10-07,5213438.0,8324208.0
2024-10-08,6114005.0,8535293.0
2024-10-09,5226390.0,8458879.0
2024-10-10,6687098.0,8698621.0
2024-10-11,4687548.0,6628013.0
2024-10-14,6707080.0,10104774.0
2024-10-15,7446016.0,11765688.0
2024-10-16,3485247.0,7904693.0
2024-10-17,4620971.0,9102530.0
2024-10-18,4718222.0,8646429.0
2024-10-21,4951539.0,10204248.0
2024-10-22,4225201.0,8160120.0
2024-10-23,6044543.0,11962024.0
2024-10-24,3619998.0,7421492.0
2024-10-25,5441106.0,11846058.0
2024-10-28,3138644.0,6114872.0
2024-10-29,3990633.0,8589386.0
2024-10-30,3768599.0,8232485.0
2024-10-31,6411441.0,13933216.0
2024-11-01,5709822.0,11682489.0
2024-11-04,5088540.0,7950794.0
2024-11-05,4967790.0,8452953.0
2024-11-06,7772651.0,11706700.0
2024-11-07,8478204.0,11561896.0
2024-11-08,4257017.0,6858818.0
2024-11-11,4628793.0,8158188.0
2024-11-12,4950709.0,8419468.0
2024-11-13,3165908.0,7087219.0
2024-11-14,3928234.0,9337205.0
2024-11-15,9338416.0,18776408.0
2024-11-18,4616919.0,8618869.0
2024-11-19,5011679.0,8290673.0
2024-11-20,5725010.0,9522097.0
2024-11-21,6696837.0,10767069.0
2024-11-22,4305816.0,7463522.0
2024-11-25,4853461.0,8748160.0
2024-11-26,3473571.0,7625804.0
2024-11-27,4775556.0,7833075.0
2024-11-29,2133027.0,4449306.0
2024-12-02,4387971.0,7813862.0
2024-12-03,3538696.0,5479434.0
2024-12-04,5878065.0,9463903.0
2024-12-05,4234503.0,6304151.0
2024-12-06,5011580.0,9114493.0
2024-12-09,3726721.0,6364560.0
2024-12-10,4639128.0,7561187.0
2024-12-11,5658458.0,9977303.0
2024-12-12,5443067.0,9520386.0
2024-12-13,7129381.0,11738135.0
2024-12-16,7939384.0,11865556.0
2024-12-17,6592372.0,8754182.0
2024-12-18,11347749.0,17419004.0
2024-12-19,9144577.0,15604787.0
2024-12-20,18929922.0,25897122.0
2024-12-23,6079927.0,10050360.0
2024-12-24,5581044.0,8054590.0
2024-12-26,4150751.0,6430717.0
2024-12-27,8559374.0,11996552.0
2024-12-30,7932539.0,11502331.0
2024-12-31,5275654.0,8569897.0
2025-01-02,7740070.0,11721297.0
2025-01-03,5675297.0,9687723.0
2025-01-06,6973973.0,12300927.0
2025-01-07,6759502.0,12035183.0
2025-01-08,5099480.0,9641364.0
2025-01-10,7069556.0,13107841.0
2025-01-13,4249562.0,9479610.0
2025-01-14,5178504.0,10879684.0
2025-01-15,6517748.0,10065999.0
2025-01-16,4865957.0,9305159.0
2025-01-17,17591121.0,24570484.0
2025-01-21,3642056.0,8326184.0
2025-01-22,7854235.0,11676312.0
2025-01-23,4637583.0,9437552.0
2025-01-24,3613967.0,7120088.0
2025-01-27,7274461.0,17834695.0
2025-01-28,5045633.0,11822197.0
2025-01-29,4139428.0,8703249.0
2025-01-30,5208139.0,9223221.0
2025-01-31,8067563.0,12696770.0
2025-02-03,7398227.0,11035772.0
2025-02-04,5544463.0,9228280.0
2025-02-05,3837391.0,6970061.0
2025-02-06,3562931.0,6381865.0
2025-02-07,6120351.0,9697968.0
2025-02-10,4730562.0,7586360.0
2025-02-11,4047937.0,6669671.0
2025-02-12,4272456.0,7491645.0
2025-02-13,6649919.0,10404526.0
2025-02-14,3725525.0,6228666.0
2025-02-18,3605763.0,6791303.0
2025-02-19,3585811.0,6498377.0
2025-02-20,5522417.0,8918701.0
2025-02-21,13047018.0,19723688.0
2025-02-24,6486614.0,12925945.0
2025-02-25,8571342.0,17366937.0
2025-02-26,5912134.0,11303207.0
2025-02-27,6416289.0,16788110.0
2025-02-28,5088941.0,15034594.0
2025-03-03,6483453.0,14476344.0
2025-03-04,7311662.0,19656875.0
2025-03-05,8326661.0,15585280.0
2025-03-06,9711176.0,16958704.0
2025-03-07,6745687.0,17534377.0
2025-03-10,10651512.0,25805283.0
2025-03-11,6550006.0,21450377.0
2025-03-12,5861241.0,15179943.0
2025-03-13,7799062.0,18512603.0
2025-03-14,8296185.0,15996863.0
2025-03-17,7757734.0,14212181.0
2025-03-18,8590982.0,14008833.0
2025-03-19,7044846.0,13562505.0
2025-03-20,8757470.0,14694471.0
2025-03-21,7620839.0,15041166.0
2025-03-24,5470388.0,11184065.0
2025-03-25,5324363.0,9818589.0
2025-03-26,7507396.0,13890753.0
2025-03-27,7421956.0,11708665.0
2025-03-28,8834053.0,17616641.0
2025-03-31,10375729.0,18613835.0
2025-04-01,5033883.0,13154367.0
2025-04-02,6769702.0,14000538.0
2025-04-03,11265263.0,26637518.0
2025-04-04,13620727.0,33522798.0
2025-04-07,16812281.0,35965194.0
2025-04-08,15498742.0,28045857.0
2025-04-09,21900204.0,38415685.0
2025-04-10,18602419.0,39782568.0
2025-04-11,9250808.0,16596643.0
2025-04-14,7848032.0,15466797.0
2025-04-15,5371099.0,12478713.0
2025-04-16,8041444.0,17038609.0
2025-04-17,7506360.0,16982439.0
2025-04-21,10572861.0,20327443.0
2025-04-22,11964781.0,20054116.0
2025-04-23,9667620.0,17670418.0
2025-04-24,12458963.0,18067697.0
2025-04-25,8005969.0,14361045.0
2025-04-28,7255207.0,13902269.0
2025-04-29,6854007.0,10865499.0
2025-04-30,8323047.0,15177808.0
2025-05-01,8363229.0,14113199.0
2025-05-02,9719343.0,14171068.0
2025-05-05,6258999.0,9836126.0
2025-05-06,5562651.0,11711863.0
2025-05-07,7669281.0,13094559.0
2025-05-08,8001712.0,15440385.0
2025-05-09,6152016.0,11454817.0
2025-05-12,9598465.0,15113173.0
2025-05-13,11726398.0,17320366.0
2025-05-14,7733235.0,12823387.0
2025-05-15,7848600.0,14873974.0
2025-05-16,10711074.0,16590432.0
2025-05-19,13008637.0,19839748.0
2025-05-20,5800172.0,11356843.0
2025-05-21,10359059.0,17394838.0
2025-05-22,5400237.0,10612288.0
2025-05-23,7345076.0,12909306.0
2025-05-27,6943862.0,10856211.0
2025-05-28,6021568.0,9737075.0
2025-05-29,6235841.0,12430859.0
2025-05-30,8451783.0,14978266.0
2025-06-02,5614592.0,10674860.0
2025-06-03,6475907.0,11315700.0
2025-06-04,6490802.0,10603687.0
2025-06-05,11055861.0,16824172.0
2025-06-06,5679268.0,10696672.0
2025-06-09,5352020.0,9662420.0
2025-06-10,6163118.0,10803377.0
2025-06-11,8069471.0,13038316.0
2025-06-12,5604883.0,8411361.0
2025-06-13,9450043.0,13813342.0
2025-06-16,6815826.0,11210060.0
2025-06-17,6625189.0,11977656.0
2025-06-18,7106534.0,11666344.0
2025-06-20,10242823.0,17807598.0
2025-06-23,6427926.0,12550613.0
2025-06-24,9580732.0,14785872.0
2025-06-25,7552223.0,11415713.0
2025-06-26,10804410.0,16711922.0
2025-06-27,11245766.0,17996344.0
2025-06-30,7834146.0,12999062.0
2025-07-01,9598662.0,17134621.0
2025-07-02,6531122.0,10326537.0
2025-07-03,5311064.0,9103671.0
2025-07-07,7301494.0,12124727.0
2025-07-08,6795142.0,10281139.0
2025-07-09,7021909.0,12793658.0
2025-07-10,4031479.0,6625650.0
2025-07-11,6974541.0,10878489.0
2025-07-14,6535122.0,10270097.0
2025-07-15,9317636.0,12823918.0
2025-07-16,10201624.0,15300972.0
2025-07-17,10183129.0,12856412.0
2025-07-18,10970648.0,17433361.0
2025-07-21,7504169.0,12271069.0
2025-07-22,8550923.0,11631419.0
2025-07-23,5498361.0,9210787.0
2025-07-24,7573174.0,11389980.0
2025-07-25,6929859.0,9647465.0
2025-07-28,5577993.0,8353394.0
2025-07-29,7825030.0,11891417.0
2025-07-30,6914908.0,10077681.0
2025-07-31,10536448.0,15958805.0
2025-08-01,12675806.0,18404730.0
2025-08-04,6964088.0,13798726.0
2025-08-05,7775344.0,13498644.0
2025-08-06,6928110.0,11657089.0
2025-08-07,6547378.0,11492095.0
2025-08-08,5378786.0,8883884.0
2025-08-11,4988190.0,8689754.0
2025-08-12,5850121.0,10615500.0
2025-08-13,6584581.0,11463139.0
2025-08-14,7802714.0,12987831.0
2025-08-15,12791035.0,17714849.0
2025-08-18,6524424.0,9566121.0
2025-08-19,8363541.0,15337493.0
2025-08-20,10575796.0,20184424.0
2025-08-21,7720848.0,13906196.0
2025-08-22,7688649.0,15259360.0
2025-08-25,5925070.0,10117621.0
2025-08-26,5621189.0,10055442.0
2025-08-27,5653305.0,11668656.0
2025-08-28,7984421.0,12350704.0
2025-08-29,8174690.0,14777812.0
2025-09-02,8261042.0,14820282.0
2025-09-03,7144469.0,13473908.0
2025-09-04,8317245.0,13012028.0
2025-09-05,9249708.0,14476623.0
2025-09-08,6647017.0,11859446.0
2025-09-09,7432126.0,11756322.0
2025-09-10,6393885.0,11473580.0
2025-09-11,5224702.0,10170763.0
2025-09-12,9903416.0,13191290.0
2025-09-15,8133064.0,11348143.0
2025-09-16,6458503.0,9651741.0
2025-09-17,10283448.0,15846900.0
2025-09-18,10793503.0,14982727.0
2025-09-19,12820679.0,18375789.0
2025-09-22,11654705.0,17765231.0
2025-09-23,11447790.0,17500977.0
2025-09-24,8582098.0,13858398.0
2025-09-25,6953600.0,14785927.0
2025-09-26,5146771.0,10831880.0
2025-09-29,6243147.0,11104945.0
2025-09-30,6225026.0,11666463.0
2025-10-01,8004256.0,11748073.0
2025-10-02,7073893.0,11422499.0
2025-10-03,8698279.0,12669740.0
2025-10-06,6678058.0,11103225.0
2025-10-07,7959768.0,13567436.0
2025-10-08,9336889.0,14250535.0
2025-10-09,7044100.0,12764277.0
2025-10-10,14809900.0,23523717.0
2025-10-13,10854110.0,15508106.0
2025-10-14,13344569.0,18435578.0
2025-10-15,9248056.0,16118380.0
2025-10-16,10556171.0,18211496.0
2025-10-17,11193874.0,18254520.0
2025-10-20,8275975.0,12683584.0
2025-10-21,8768660.0,13954347.0
2025-10-22,10205944.0,17405090.0
2025-10-23,7042295.0,11294436.0
2025-10-24,7421794.0,13894945.0
2025-10-27,10137229.0,17644447.0
2025-10-28,14147546.0,21980900.0
2025-10-29,12360270.0,20049520.0
2025-10-30,6821398.0,16076971.0
2025-10-31,7686739.0,15640963.0
2025-11-03,7040145.0,11263584.0
2025-11-04,9692377.0,18076901.0
2025-11-05,8121789.0,13315487.0
2025-11-06,10044685.0,19750318.0
2025-11-07,11248821.0,21938737.0
2025-11-10,10928539.0,17643559.0
2025-11-11,9077409.0,15153538.0
2025-11-12,5955487.0,14492451.0
2025-11-13,12257386.0,20855385.0
2025-11-14,14589186.0,22563266.0
2025-11-17,10246349.0,17701690.0
2025-11-18,11346980.0,23232748.0
2025-11-19,10618061.0,20522299.0
2025-11-20,16655179.0,31514329.0
2025-11-21,13613087.0,25158846.0
2025-11-24,11483856.0,17254423.0
2025-11-25,10503043.0,16159862.0
2025-11-26,6757516.0,11642621.0
2025-11-28,4684779.0,8329800.0
2025-12-01,8450208.0,12015861.0
2025-12-02,10171729.0,13791772.0
2025-12-03,7975768.0,12421977.0
2025-12-04,8063316.0,12008935.0
2025-12-05,10331943.0,14593942.0
2025-12-08,8558211.0,12040474.0
2025-12-09,5889698.0,9641061.0
2025-12-10,8456648.0,13702919.0
2025-12-11,9151938.0,14989202.0
2025-12-12,13404838.0,20371750.0
2025-12-15,5590883.0,13776193.0
2025-12-16,6966964.0,13895002.0
2025-12-17,8874342.0,16689290.0
2025-12-18,10619010.0,19333495.0
2025-12-19,13826792.0,21273797.0
2025-12-22,6807799.0,11503651.0
2025-12-23,7031521.0,10562947.0
2025-12-24,4230580.0,6631414.0
2025-12-26,4358246.0,7255939.0
2025-12-29,6429255.0,9655555.0
2025-12-30,5950626.0,9013972.0
2025-12-31,7169993.0,12031382.0
2026-01-02,8707630.0,16392320.0
2026-01-05,6292906.0,10629715.0
2026-01-06,6786578.0,10843208.0
2026-01-07,6861025.0,10774543.0
2026-01-08,6441180.0,12360244.0
2026-01-09,6715109.0,11865586.0
2026-01-12,4809484.0,8345557.0
2026-01-13,6967151.0,11169187.0
2026-01-14,7513864.0,16585025.0
2026-01-15,6340070.0,14157758.0
2026-01-16,8274791.0,16965235.0
2026-01-20,10284088.0,17115072.0
2026-01-21,10953473.0,20207679.0
2026-01-22,5108398.0,10039261.0
2026-01-23,6501050.0,11417269.0
2026-01-26,4910311.0,9061524.0
2026-01-27,6704728.0,10515589.0
2026-01-28,6475833.0,11614308.0
2026-01-29,8628839.0,19050935.0
2026-01-30,7305807.0,14164796.0
2026-02-02,5785389.0,12588534.0
2026-02-03,7105178.0,17006094.0
2026-02-04,11236389.0,18714182.0
2026-02-05,10943576.0,20723452.0
2026-02-06,8402205.0,18026819.0
2026-02-09,8748261.0,13658132.0
2026-02-10,8078863.0,12936703.0
2026-02-11,10196106.0,15428154.0
2026-02-12,11919972.0,17873008.0
2026-02-13,8929786.0,15293562.0
2026-02-17,8988986.0,14957546.0
2026-02-18,8874607.0,15248639.0
2026-02-19,11478016.0,18210853.0
2026-02-20,12315809.0,20259069.0
2026-02-23,7499362.292567,16398325.331027
2026-02-24,8218411.267201,14175357.895521
2026-02-25,9465335.133217,13318479.67416
2026-02-26,14197664.407122,26734670.921799
2026-02-27,10269776.706296,16312622.192233
2026-03-02,11396201.335279,17080327.039883
2026-03-03,12157099.904344,18610354.083321
2026-03-04,13257768.302883,18134955.061225
2026-03-05,13056661.256037,19266458.3858
2026-03-06,12733289.717482,19225578.233947
2026-03-09,12575566.724182,19483237.291725
2026-03-10,11907321.864507,17268478.78668
2026-03-11,10821701.255116,14901775.809364
2026-03-12,12697226.432648,19733908.821223
2026-03-13,9167755.945428,18067913.426646
2026-03-16,7149088.326891,12320767.203085
2026-03-17,6673366.90357,12060597.789247
2026-03-18,7664076.276095,14441790.955762
2026-03-19,10687623.809793,18631783.284835
2026-03-20,11551823.098059,27267590.135593
2026-03-23,13125719.406443,21289814.382298
2026-03-24,9542764.234633,15967654.022641
2026-03-25,10397059.528479,16216929.617656
2026-03-26,13142955.390151,21367211.502432
2026-03-27,13030400.376872,19861866.37398
2026-03-30,13545228.543403,20166803.21753
2026-03-31,15457350.974641,25293653.772893
2026-04-01,13712178.763758,20797066.212353
2026-04-02,11947302.494958,18518127.846416
2026-04-06,9821678.639855,15025077.317156
2026-04-07,9908997.871353,15385227.101544
2026-04-08,13582263.9415,21970780.937258
2026-04-09,9420525.58098,13193814.482654
2026-04-10,7730891.366288,11026596.094844
2026-04-13,9054344.305169,12072242.263969
2026-04-14,12708092.232988,17411112.642205
2026-04-15,13128087.934672,17955640.995151
2026-04-16,10686939.898973,16081139.44971
2026-04-17,12981110.088513,19195992.549873
2026-04-20,7061045.962094,16862420.698161
2026-04-21,6523277.297432,12215360.030365
2026-04-22,8847573.80436,13990882.196504
2026-04-23,8015321.359039,13252158.352901
2026-04-24,11228826.591551,17085324.703333
2026-04-27,7739835.072049,11588369.512911
2026-04-28,7302552.288616,10884919.352486
2026-04-29,6215789.473354,10115045.412632
2026-04-30,7667906.416068,12295866.884078
2026-05-01,9756751.22664,14334542.318112
2026-05-04,6538678.080922,12495262.043199
2026-05-05,6820223.682608,15703743.216765
2026-05-06,7345484.722593,12111998.455511
2026-05-07,8704366.821491,13094664.42744
2026-05-08,11676542.849374,17884253.969546
2026-05-11,7772902.052365,13114155.194736
2026-05-12,8217268.732613,14852590.381959
2026-05-13,8194399.30714,14102669.043466
2026-05-14,5070231.718324,11864957.757488
2026-05-15,9055077.214075,16339543.042821
2026-05-18,11911737.468276,17491470.363811
2026-05-19,9958161.815595,15911395.037686
2026-05-20,5509444.041627,10061213.404058
2026-05-21,7276210.528949,11359066.953806
2026-05-22,6670889.238697,11620326.12638
2026-05-26,8897272.655266,12232229.641401
2026-05-27,7472063.482295,10835444.279553
2026-05-28,6720253.869921,11915211.708553
2026-05-29,5250320.816216,12352855.309052
2026-06-01,8327242.251799,12219276.647106
2026-06-02,8100568.890535,12267988.460113
2026-06-03,7282524.214025,15251515.335419
2026-06-04,7481735.3899,12946666.74923
2026-06-05,20064406.119585,36878165.856834
2026-06-08,9646323.314498,17335326.121235
2026-06-09,16349539.098992,27566261.846512
2026-06-10,10223374.905413,18392885.424717
2026-06-11,11597629.1554,21452945.019574
2026-06-12,8365257.329074,15046503.870802
2026-06-15,8138290.024768,18622662.146558
2026-06-16,9356523.528149,16065820.086729
2026-06-17,11339770.999263,18455850.793924
2026-06-18,9279069.969946,18403477.131314
2026-06-22,7127797.433866,12722374.169977
2026-06-23,11504801.734173,17222800.336046
2026-06-24,8493992.557485,14031446.771627
2026-06-25,8598968.890424,15350168.082901
2026-06-26,8735262.354489,13370146.88166
2026-06-29,10311088.882499,16123425.147206
2026-06-30,8291884.883605,11730439.716288
2026-07-01,10649613.846322,14068249.538082
2026-07-02,9845782.056134,16658443.665135
2026-07-06,6089445.869621,9563063.954129
2026-07-07,9873177.228582,13643305.320121
2026-07-08,6743750.085798,10854109.960748
2026-07-09,8118161.200475,11888836.155602
2026-07-10,7023558.953081,9514191.727243
2026-07-13,8199669.710026,11761576.696264
2026-07-14,6406897.292769,10179372.982163
2026-07-15,8281592.661864,11358804.559773
2026-07-16,10413777.919731,14180702.247126
2026-07-17,11922387.559905,20476239.576594
2026-07-20,6044526.815198,10942822.182516
2026-07-21,8418616.854399,11945025.905336
2026-07-22,4861459.724458,7664991.875665
2026-07-23,9478967.850783,14691424.555627
2026-07-24,10375557.691586,15956810.621291
2026-07-27,10135740.996034,14191891.085989
2026-07-28,12352174.898603,17674611.841862
2026-07-29,14018198.484883,19445144.083509
2026-07-30,17128432.950004,25482253.106903
2026-07-31,13298256.034151,18935518.609055
2026-08-03,12259512.758139,18582941.002726
2026-08-04,16769175.89791,23465706.565125
2026-08-05,9216681.672768,12311967.485971
2026-08-06,6524100.297224,10687231.984804
