7a660047ed0e2f871905f6313e411305ea9b5a0b	research/weather_forward/v4/a2_operation/__init__.py
af0d1060459ed178c47fdbe76c68442adcd2f7ce	research/weather_forward/v4/a2_operation/common/__init__.py
5734e9b175c28f3790caa1fab2682d08f0bd4528	research/weather_forward/v4/a2_operation/common/bounded_output.py
ec58a081cfa1fee0a1dfbe51b9930ab65cd13cac	research/weather_forward/v4/a2_operation/common/a2_unit_profile.sh
a2ffab2492c7496d944241a1a37bae388a3a127c	research/weather_forward/v4/a2_operation/qualification/__init__.py
c7ef4d2bbcb872af85e777867c897715c2462cc4	research/weather_forward/v4/a2_operation/qualification/host_facts.sh
4aa01a84b0a87e9e000cfab864b9646c94d6cdbf	research/weather_forward/v4/a2_operation/qualification/qualification_probes.py
6be21e1cc65eb16be9a0a7152b65f42a0217a8f5	research/weather_forward/v4/a2_operation/qualification/run_qualification.sh
930dbab1aafd4e37ede76950f3a6387d7f828c44	research/weather_forward/v4/a2_operation/qualification/setup_host.sh
3961888b736405749ce328c9105fe26f361cc3f7	research/weather_forward/v4/a2_operation/qualification/summarize_qualification.py
597df37dc82e1f09956e800a630e1b384a562be6	research/weather_forward/v4/a2_operation/qualification/deploy_files.sh
