wk,film,univ,lane,event_id,title,W,bracket,b_lo,b_hi,winner,flip,margin_ok,truncated,exec,p_E1,p_E2,fee_rate,fee_ps,payoff,gross_ret,net_E1,net_E2,net_E3,traded,cap_usd_60m,cap_usd_to_next,p_next_anchor,n_fills_60
2025-10-17,Black Phone 2,U1,B,59596,"""Black Phone 2"" Opening Weekend Box Office (Lower Strikes)",23.0,23-26m,23.0,26.0,>26m,1,0,0,EXT180,0.5085,0.3677,0.0,0.0,0.0,-1.0,-1.0,-1.0,-1.0,1,0,856.77,,12
2025-10-17,Black Phone 2,U1,C,59596,"""Black Phone 2"" Opening Weekend Box Office (Lower Strikes)",24.4,23-26m,23.0,26.0,>26m,1,1,0,EXT180,0.3172,0.3131,0.0,0.0,0.0,-1.0,-1.0,-1.0,-1.0,1,0,413.61,,2
2025-10-17,Black Phone 2,U1,D,59596,"""Black Phone 2"" Opening Weekend Box Office (Lower Strikes)",26.5,>26m,26.0,inf,>26m,0,0,0,W60,0.9929,0.987,0.0,0.0,1.0,0.00719,0.00719,0.01317,0.001,0,129.7,44189.44,,3
2025-10-17,Good Fortune,U1,A,59597,"""Good Fortune"" Opening Weekend Box Office (Lower Strikes)",7.0,>7m,7.0,inf,6-7m,1,0,0,NONE,,,,,,,,,,,,,,
2025-10-17,Good Fortune,U1,B,59597,"""Good Fortune"" Opening Weekend Box Office (Lower Strikes)",6.0,6-7m,6.0,7.0,6-7m,0,0,0,W60,0.45,0.45,0.0,0.0,1.0,1.22222,1.22222,1.22222,1.17391,1,20.0,46.5,,1
2025-10-17,Good Fortune,U1,C,59597,"""Good Fortune"" Opening Weekend Box Office (Lower Strikes)",5.9,5-6m,5.0,6.0,6-7m,1,0,0,NONE,,,,,,,,,,,,,,
2025-10-17,Good Fortune,U1,D,59597,"""Good Fortune"" Opening Weekend Box Office (Lower Strikes)",6.2,6-7m,6.0,7.0,6-7m,0,1,0,EXT180,0.9781,0.97,0.0,0.0,1.0,0.0224,0.0224,0.03093,0.01205,0,0,10830.9,,4
2025-10-24,Chainsaw Man - The Movie: Reze Arc,U1,B,63132,"""Chainsaw Man – The Movie: Reze Arc"" Opening Weekend Box Office",14.0,>14m,14.0,inf,>14m,0,0,0,EXT180,0.9972,0.997,0.0,0.0,1.0,0.00281,0.00281,0.00301,0.001,0,0,6901.8,,3
2025-10-24,Chainsaw Man - The Movie: Reze Arc,U1,C,63132,"""Chainsaw Man – The Movie: Reze Arc"" Opening Weekend Box Office",16.0,>14m,14.0,inf,>14m,0,1,0,NONE,,,,,,,,,,,,,,
2025-10-24,Chainsaw Man - The Movie: Reze Arc,U1,D,63132,"""Chainsaw Man – The Movie: Reze Arc"" Opening Weekend Box Office",17.2,>14m,14.0,inf,>14m,0,1,0,W60,0.999,0.999,0.0,0.0,1.0,0.001,0.001,0.001,0.001,0,1.18,1091.06,,1
2025-10-24,Regretting You,U1,A,63131,"""Regretting You"" Opening Weekend Box Office",10.0,>9m,9.0,inf,>9m,0,1,0,W60,0.865,0.86,0.0,0.0,1.0,0.15609,0.15609,0.16279,0.14288,1,138.0,362.09,,3
2025-10-24,Regretting You,U1,B,63131,"""Regretting You"" Opening Weekend Box Office",11.4,>9m,9.0,inf,>9m,0,1,0,EXT180,0.9957,0.9225,0.0,0.0,1.0,0.00428,0.00428,0.08405,0.001,0,0,12584.5,,12
2025-10-24,Regretting You,U1,C,63131,"""Regretting You"" Opening Weekend Box Office",13.0,>9m,9.0,inf,>9m,0,1,0,NONE,,,,,,,,,,,,,,
2025-10-24,Regretting You,U1,D,63131,"""Regretting You"" Opening Weekend Box Office",12.85,>9m,9.0,inf,>9m,0,1,0,EXT180,0.999,0.999,0.0,0.0,1.0,0.00104,0.00104,0.00104,0.001,0,0,395.15,,1
2025-10-24,Springsteen: Deliver Me from Nowhere,U1,B,63133,"""Springsteen: Deliver Me from Nowhere"" Opening Weekend Box Office",11.4,>9m,9.0,inf,8-9m,1,1,0,W60,0.09,0.09,0.0,0.0,0.0,-1.0,-1.0,-1.0,-1.0,1,126.0,226.29,0.1918,2
2025-10-24,Springsteen: Deliver Me from Nowhere,U1,C,63133,"""Springsteen: Deliver Me from Nowhere"" Opening Weekend Box Office",9.5,>9m,9.0,inf,8-9m,1,1,0,W60,0.1918,0.1918,0.0,0.0,0.0,-1.0,-1.0,-1.0,-1.0,1,24.44,1570.84,0.2588,1
2025-10-24,Springsteen: Deliver Me from Nowhere,U1,D,63133,"""Springsteen: Deliver Me from Nowhere"" Opening Weekend Box Office",9.1,>9m,9.0,inf,8-9m,1,0,0,W60,0.2588,0.2588,0.0,0.0,0.0,-1.0,-1.0,-1.0,-1.0,1,20.0,1559.58,,1
2025-11-07,Predator: Badlands,U1,B,72382,"""Predator: Badlands"" Opening Weekend Box Office",33.0,>26m,26.0,inf,>26m,0,1,0,NONE,,,,,,,,,,,,,,
2025-11-07,Predator: Badlands,U1,B,75131,"""Predator: Badlands"" Opening Weekend Box Office (Higher Brackets)",33.0,>33m,33.0,inf,>33m,0,0,0,W60,0.995,0.995,0.0,0.0,1.0,0.00503,0.00503,0.00503,0.001,0,28.87,29.87,,2
2025-11-07,Predator: Badlands,U1,B,75425,"""Predator: Badlands"" Opening Weekend Box Office (Highest Brackets)",33.0,33-35m,33.0,35.0,>37m,1,0,0,NONE,,,,,,,,,,,,,,
2025-11-07,Predator: Badlands,U1,C,72382,"""Predator: Badlands"" Opening Weekend Box Office",37.0,>26m,26.0,inf,>26m,0,1,0,EXT180,0.999,0.999,0.0,0.0,1.0,0.001,0.001,0.001,0.001,0,0,3001.99,,1
2025-11-07,Predator: Badlands,U1,C,75131,"""Predator: Badlands"" Opening Weekend Box Office (Higher Brackets)",37.0,>33m,33.0,inf,>33m,0,1,0,EXT180,0.9946,0.994,0.0,0.0,1.0,0.00546,0.00546,0.00604,0.001,0,0,9418.01,,3
2025-11-07,Predator: Badlands,U1,C,75425,"""Predator: Badlands"" Opening Weekend Box Office (Highest Brackets)",37.0,>37m,37.0,inf,>37m,0,0,0,W60,0.91,0.91,0.0,0.0,1.0,0.0989,0.0989,0.0989,0.08696,1,27.3,6957.53,,1
2025-11-07,Predator: Badlands,U1,D,72382,"""Predator: Badlands"" Opening Weekend Box Office",40.0,>26m,26.0,inf,>26m,0,1,0,NONE,,,,,,,,,,,,,,
2025-11-07,Predator: Badlands,U1,D,75131,"""Predator: Badlands"" Opening Weekend Box Office (Higher Brackets)",40.0,>33m,33.0,inf,>33m,0,1,0,EXT180,0.999,0.999,0.0,0.0,1.0,0.001,0.001,0.001,0.001,0,0,3780.54,,6
2025-11-07,Predator: Badlands,U1,D,75425,"""Predator: Badlands"" Opening Weekend Box Office (Highest Brackets)",40.0,>37m,37.0,inf,>37m,0,1,0,EXT180,0.998,0.998,0.0,0.0,1.0,0.002,0.002,0.002,0.001,0,0,6589.85,,1
2025-11-14,Keeper,U1,C,78952,"""Keeper"" Opening Weekend Box Office",2.5,<4m,0.0,4.0,<4m,0,1,0,NONE,,,,,,,,,,,,,,
2025-11-14,Now You See Me: Now You Don't,U1,A,78951,"""Now You See Me: Now You Don't"" Opening Weekend Box Office",22.5,21-24m,21.0,24.0,21-24m,0,1,0,EXT180,0.7222,0.71,0.0,0.0,1.0,0.38467,0.38467,0.40845,0.36576,1,0,272.37,0.6,2
2025-11-14,Now You See Me: Now You Don't,U1,C,78951,"""Now You See Me: Now You Don't"" Opening Weekend Box Office",22.5,21-24m,21.0,24.0,21-24m,0,1,0,W60,0.8325,0.83,0.0,0.0,1.0,0.20124,0.20124,0.20482,0.18698,1,167.0,2781.69,,2
2025-11-14,Now You See Me: Now You Don't,U1,D,78951,"""Now You See Me: Now You Don't"" Opening Weekend Box Office",21.3,21-24m,21.0,24.0,21-24m,0,0,0,EXT180,0.9512,0.96,0.0,0.0,1.0,0.0513,0.0513,0.04167,0.04036,0,0,5264.49,,9
2025-11-14,The Running Man,U1,A,78944,"""The Running Man"" Opening Weekend Box Office",22.5,21-24m,21.0,24.0,<21m,1,1,0,NONE,,,,,,,,,,,,,,
2025-11-14,The Running Man,U1,A,81422,"""The Running Man"" Opening Weekend Box Office (lower strikes)",22.5,>21m,21.0,inf,15-17m,1,1,0,W60,0.06,0.06,0.0,0.0,0.0,-1.0,-1.0,-1.0,-1.0,1,5.0,20.03,,1
2025-11-14,The Running Man,U1,D,78944,"""The Running Man"" Opening Weekend Box Office",17.0,<21m,0.0,21.0,<21m,0,1,0,EXT180,0.9984,0.995,0.0,0.0,1.0,0.00163,0.00163,0.00503,0.001,0,0,25026.13,,5
2025-11-14,The Running Man,U1,D,81422,"""The Running Man"" Opening Weekend Box Office (lower strikes)",17.0,17-19m,17.0,19.0,15-17m,1,0,0,W60,0.2427,0.231,0.0,0.0,0.0,-1.0,-1.0,-1.0,-1.0,1,1742.95,11797.64,0.001,12
2025-11-21,Wicked: For Good,U1,A,74636,"""Wicked: For Good"" Opening Weekend Box Office",165.0,163-175m,163.0,175.0,137-150m,1,0,0,W60,0.1268,0.116,0.0,0.0,0.0,-1.0,-1.0,-1.0,-1.0,1,7.74,371.76,0.0358,4
2025-11-21,Wicked: For Good,U1,B,74636,"""Wicked: For Good"" Opening Weekend Box Office",150.0,150-163m,150.0,163.0,137-150m,1,0,0,W60,0.6499,0.6636,0.0,0.0,0.0,-1.0,-1.0,-1.0,-1.0,1,430.2,2501.29,0.4383,7
2025-11-21,Wicked: For Good,U1,D,74636,"""Wicked: For Good"" Opening Weekend Box Office",150.0,150-163m,150.0,163.0,137-150m,1,0,0,W60,0.1918,0.182,0.0,0.0,0.0,-1.0,-1.0,-1.0,-1.0,1,213.3,5114.19,,6
2025-12-05,Five Nights at Freddy's 2,U1,A,95159,"""Five Nights at Freddy's 2"" Opening Weekend Box Office",37.5,<42m,0.0,42.0,>57m,1,1,0,W60,0.0677,0.067,0.0,0.0,0.0,-1.0,-1.0,-1.0,-1.0,1,3.03,98.58,0.0141,3
2025-12-05,Five Nights at Freddy's 2,U1,B,95159,"""Five Nights at Freddy's 2"" Opening Weekend Box Office",46.0,42-47m,42.0,47.0,>57m,1,0,0,W60,0.0406,0.04,0.0,0.0,0.0,-1.0,-1.0,-1.0,-1.0,1,106.04,184.03,,5
2025-12-05,Five Nights at Freddy's 2,U1,C,95159,"""Five Nights at Freddy's 2"" Opening Weekend Box Office",56.5,52-57m,52.0,57.0,>57m,1,0,0,EXT180,0.07,0.07,0.0,0.0,0.0,-1.0,-1.0,-1.0,-1.0,1,0,59.47,,1
2025-12-05,Five Nights at Freddy's 2,U1,D,95159,"""Five Nights at Freddy's 2"" Opening Weekend Box Office",63.0,>57m,57.0,inf,>57m,0,1,0,EXT180,0.9988,0.9988,0.0,0.0,1.0,0.00117,0.00117,0.00116,0.001,0,0,9917.66,,2
2025-12-05,Jujutsu Kaisen: Execution,U1,B,95238,"""Jujutsu Kaisen: Execution"" Opening Weekend Box Office",9.0,9-11m,9.0,11.0,9-11m,0,0,0,W60,0.5852,0.5519,0.0,0.0,1.0,0.70882,0.70882,0.81196,0.68011,1,1127.28,2635.0,,8
2025-12-05,Jujutsu Kaisen: Execution,U1,C,95238,"""Jujutsu Kaisen: Execution"" Opening Weekend Box Office",9.7,9-11m,9.0,11.0,9-11m,0,1,0,EXT180,0.8451,0.8405,0.0,0.0,1.0,0.18325,0.18325,0.18975,0.16941,1,0,2684.62,0.963,3
2025-12-12,Ella McCay,U1,B,101091,"""Ella McCay"" Opening Weekend Box Office",3.0,3-3.5m,3.0,3.5,<2.5m,1,0,0,NONE,,,,,,,,,,,,,,
2025-12-19,Avatar: Fire and Ash,U1,A,95180,"""Avatar: Fire and Ash"" Opening Weekend Box Office",97.5,90-101m,90.0,101.0,<90m,1,1,1,W60,0.3611,0.29,0.0,0.0,0.0,-1.0,-1.0,-1.0,-1.0,1,616.7,20467.65,0.6567,10
2025-12-19,Avatar: Fire and Ash,U1,A,110406,"""Avatar: Fire and Ash"" Opening Weekend Box Office (Lower Strikes)",97.5,>90m,90.0,inf,85-90m,1,1,0,W60,0.4411,0.41,0.0,0.0,0.0,-1.0,-1.0,-1.0,-1.0,1,736.01,3436.55,0.7288,20
2025-12-19,Avatar: Fire and Ash,U1,C,95180,"""Avatar: Fire and Ash"" Opening Weekend Box Office",87.5,<90m,0.0,90.0,<90m,0,1,1,W60,0.6064,0.586,0.0,0.0,1.0,0.6491,0.6491,0.70648,0.62235,1,3679.18,121121.38,0.9386,10
2025-12-19,Avatar: Fire and Ash,U1,C,110406,"""Avatar: Fire and Ash"" Opening Weekend Box Office (Lower Strikes)",87.5,85-90m,85.0,90.0,85-90m,0,1,0,W60,0.49,0.49,0.0,0.0,1.0,1.04082,1.04082,1.04082,1.0,1,5.0,16406.65,0.9315,1
2025-12-19,Avatar: Fire and Ash,U1,D,95180,"""Avatar: Fire and Ash"" Opening Weekend Box Office",88.0,<90m,0.0,90.0,<90m,0,0,1,W60,0.9386,0.926,0.0,0.0,1.0,0.0654,0.0654,0.07991,0.05417,1,6867.87,498250.76,,35
2025-12-19,Avatar: Fire and Ash,U1,D,110406,"""Avatar: Fire and Ash"" Opening Weekend Box Office (Lower Strikes)",88.0,85-90m,85.0,90.0,85-90m,0,0,0,W60,0.9315,0.94,0.0,0.0,1.0,0.07358,0.07358,0.06383,0.06218,1,84.11,16363.82,,5
2025-12-19,David,U1,C,101099,"""David"" Opening Weekend Box Office",25.0,24-28m,24.0,28.0,20-24m,1,1,0,EXT180,0.3573,0.35,0.0,0.0,0.0,-1.0,-1.0,-1.0,-1.0,1,0,204.92,0.0149,2
2025-12-19,David,U1,D,101099,"""David"" Opening Weekend Box Office",22.0,20-24m,20.0,24.0,20-24m,0,1,0,W60,0.9883,0.988,0.0,0.0,1.0,0.01179,0.01179,0.01215,0.00165,0,73.54,6360.41,0.999,4
2025-12-19,The Housemaid,U1,C,101100,"""The Housemaid"" Opening Weekend Box Office",20.5,20-23m,20.0,23.0,17-20m,1,0,0,W60,0.1999,0.2,0.0,0.0,0.0,-1.0,-1.0,-1.0,-1.0,1,23.44,49.44,0.0284,2
2025-12-19,The Housemaid,U1,D,101100,"""The Housemaid"" Opening Weekend Box Office",19.0,17-20m,17.0,20.0,17-20m,0,1,0,W60,0.968,0.965,0.0,0.0,1.0,0.0331,0.0331,0.03627,0.02254,0,292.84,9729.54,,3
2025-12-19,The Spongebob Movie: Search for SquarePants,U1,A,101098,"""The Spongebob Movie: Search for SquarePants"" Opening Weekend Box Office",17.5,15-18m,15.0,18.0,15-18m,0,1,0,NONE,,,,,,,,,,,,,,
2025-12-19,The Spongebob Movie: Search for SquarePants,U1,B,101098,"""The Spongebob Movie: Search for SquarePants"" Opening Weekend Box Office",17.0,15-18m,15.0,18.0,15-18m,0,1,0,EXT180,0.65,0.65,0.0,0.0,1.0,0.53846,0.53846,0.53846,0.51515,1,0,250.46,,1
2025-12-19,The Spongebob Movie: Search for SquarePants,U1,C,101098,"""The Spongebob Movie: Search for SquarePants"" Opening Weekend Box Office",17.0,15-18m,15.0,18.0,15-18m,0,1,0,EXT180,0.76,0.76,0.0,0.0,1.0,0.31579,0.31579,0.31579,0.2987,1,0,702.74,0.9845,1
2025-12-19,The Spongebob Movie: Search for SquarePants,U1,D,101098,"""The Spongebob Movie: Search for SquarePants"" Opening Weekend Box Office",16.0,15-18m,15.0,18.0,15-18m,0,1,0,W60,0.9845,0.98,0.0,0.0,1.0,0.01578,0.01578,0.02041,0.00556,0,299.95,3429.65,,4
2025-12-26,Avatar: Fire and Ash,U2,D,119860,"""Avatar: Fire and Ash"" Second 3-Day Weekend Box Office",64.0,62-67m,62.0,67.0,62-67m,0,1,0,W60,0.976,0.976,0.0,0.0,1.0,0.02459,0.02459,0.02459,0.0142,0,13.12,34516.6,,2
2026-01-02,Avatar: Fire and Ash,U2,D,135315,"""Avatar: Fire and Ash"" 3rd Weekend Box Office",40.0,40-45m,40.0,45.0,40-45m,0,0,0,W60,0.81,0.81,0.0,0.0,1.0,0.23457,0.23457,0.23457,0.21951,1,25.33,48859.6,,5
2026-01-09,Avatar: Fire and Ash,U2,B,145376,"""Avatar: Fire and Ash"" 4th Weekend Box Office",24.0,<27m,0.0,27.0,<27m,0,1,0,W60,0.995,0.995,0.0,0.0,1.0,0.00503,0.00503,0.00503,0.001,0,321.67,4196.78,,2
2026-01-09,Avatar: Fire and Ash,U2,B,151352,"""Avatar: Fire and Ash"" 4th Weekend Box Office (Lower Strikes)",24.0,>23m,23.0,inf,21-23m,1,1,0,W60,0.2056,0.2056,0.0,0.0,0.0,-1.0,-1.0,-1.0,-1.0,1,5.0,173.32,0.0618,1
2026-01-09,Avatar: Fire and Ash,U2,D,145376,"""Avatar: Fire and Ash"" 4th Weekend Box Office",21.3,<27m,0.0,27.0,<27m,0,1,0,NONE,,,,,,,,,,,,,,
2026-01-09,Avatar: Fire and Ash,U2,D,151352,"""Avatar: Fire and Ash"" 4th Weekend Box Office (Lower Strikes)",21.3,21-23m,21.0,23.0,21-23m,0,0,0,EXT180,0.9467,0.94,0.0,0.0,1.0,0.05632,0.05632,0.06383,0.04528,1,0,11711.81,0.999,7
2026-01-09,Greenland 2: Migration,U1,A,133250,"""Greenland 2: Migration"" Opening Weekend Box Office",9.0,9-10.5m,9.0,10.5,<9m,1,0,0,EXT180,0.4072,0.4072,0.0,0.0,0.0,-1.0,-1.0,-1.0,-1.0,1,0,299.31,,1
2026-01-09,Greenland 2: Migration,U1,B,133250,"""Greenland 2: Migration"" Opening Weekend Box Office",10.0,9-10.5m,9.0,10.5,<9m,1,1,0,NONE,,,,,,,,,,,,,,
2026-01-09,Greenland 2: Migration,U1,D,133250,"""Greenland 2: Migration"" Opening Weekend Box Office",8.5,<9m,0.0,9.0,<9m,0,1,0,NONE,,,,,,,,,,,,,,
2026-01-09,Primate,U1,A,147190,"""Primate"" Opening Weekend Box Office",9.0,9-11m,9.0,11.0,11-13m,1,0,0,NONE,,,,,,,,,,,,,,
2026-01-09,Primate,U1,B,147190,"""Primate"" Opening Weekend Box Office",10.5,9-11m,9.0,11.0,11-13m,1,1,0,W60,0.5848,0.5674,0.0,0.0,0.0,-1.0,-1.0,-1.0,-1.0,1,699.25,1010.34,,6
2026-01-09,Primate,U1,D,147190,"""Primate"" Opening Weekend Box Office",11.3,11-13m,11.0,13.0,11-13m,0,1,0,W60,0.8659,0.68,0.0,0.0,1.0,0.15488,0.15488,0.47059,0.14169,1,294.8,7733.23,,5
2026-01-16,28 Years Later: Bone Temple,U1,B,159944,"""28 Years Later: Bone Temple"" Opening Weekend Box Office",13.0,<16m,0.0,16.0,<16m,0,1,0,W60,0.9714,0.971,0.0,0.0,1.0,0.02947,0.02947,0.02987,0.01898,0,156.2,4483.57,0.9756,2
2026-01-16,28 Years Later: Bone Temple,U1,D,159944,"""28 Years Later: Bone Temple"" Opening Weekend Box Office",13.0,<16m,0.0,16.0,<16m,0,1,0,NONE,,,,,,,,,,,,,,
2026-01-16,Avatar: Fire and Ash,U2,B,159943,"""Avatar: Fire and Ash"" 5th Weekend Box Office",13.7,13-14.5m,13.0,14.5,13-14.5m,0,1,0,W60,0.4965,0.4933,0.0,0.0,1.0,1.01405,1.01405,1.02703,0.97429,1,106.75,1075.34,0.5921,4
2026-01-16,Avatar: Fire and Ash,U2,D,159943,"""Avatar: Fire and Ash"" 5th Weekend Box Office",13.3,13-14.5m,13.0,14.5,13-14.5m,0,0,0,W60,0.8606,0.8554,0.0,0.0,1.0,0.16199,0.16199,0.16906,0.14865,1,302.97,17832.39,0.16,9
2026-01-23,Avatar: Fire and Ash,U2,B,176951,"""Avatar: Fire and Ash"" 6th Weekend Box Office",8.0,<8.5m,0.0,8.5,<8.5m,0,1,0,W60,0.92,0.92,0.0,0.0,1.0,0.08696,0.08696,0.08696,0.07527,1,1.0,5200.38,0.9848,1
2026-01-23,Mercy,U1,A,176940,"""Mercy"" Opening Weekend Box Office",13.5,11-14m,11.0,14.0,8-11m,1,1,0,EXT180,0.3427,0.34,0.0,0.0,0.0,-1.0,-1.0,-1.0,-1.0,1,0,4233.17,0.4675,7
2026-01-23,Mercy,U1,B,176940,"""Mercy"" Opening Weekend Box Office",12.6,11-14m,11.0,14.0,8-11m,1,1,0,W60,0.4675,0.48,0.0,0.0,0.0,-1.0,-1.0,-1.0,-1.0,1,37.4,2394.89,0.3349,2
2026-01-23,Return to Silent Hill,U1,B,174762,"""Return to Silent Hill"" Opening Weekend Box Office",3.2,>2.5m,2.5,inf,>2.5m,0,1,0,NONE,,,,,,,,,,,,,,
2026-01-30,Iron Lung,U1,A,190412,"""Iron Lung"" Opening Weekend Box Office",10.0,<11m,0.0,11.0,>15m,1,1,0,NONE,,,,,,,,,,,,,,
2026-01-30,Iron Lung,U1,C,190412,"""Iron Lung"" Opening Weekend Box Office",16.0,>15m,15.0,inf,>15m,0,1,0,W60,0.9638,0.968,0.0,0.0,1.0,0.03751,0.03751,0.03306,0.02685,0,329.94,7262.83,0.997,11
2026-01-30,Iron Lung,U1,D,190412,"""Iron Lung"" Opening Weekend Box Office",17.8,>15m,15.0,inf,>15m,0,1,0,W60,0.997,0.997,0.0,0.0,1.0,0.00301,0.00301,0.00301,0.001,0,3.25,5007.41,,1
2026-01-30,Melania,U1,C,166899,"""Melania"" Opening Weekend Box Office",8.1,>3m,3.0,inf,>3m,0,1,0,W60,0.997,0.997,0.0,0.0,1.0,0.00301,0.00301,0.00301,0.001,0,433.73,5818.64,,2
2026-01-30,Melania,U1,C,192682,"""Melania"" Opening Weekend Box Office (Higher Strikes)",8.1,>5m,5.0,inf,>5m,0,1,0,W60,0.9884,0.989,0.0,0.0,1.0,0.01172,0.01172,0.01112,0.00159,0,70.83,11393.42,0.996,5
2026-01-30,Melania,U1,D,166899,"""Melania"" Opening Weekend Box Office",7.0,>3m,3.0,inf,>3m,0,1,0,NONE,,,,,,,,,,,,,,
2026-01-30,Melania,U1,D,192682,"""Melania"" Opening Weekend Box Office (Higher Strikes)",7.0,>5m,5.0,inf,>5m,0,1,0,W60,0.996,0.996,0.0,0.0,1.0,0.00402,0.00402,0.00402,0.001,0,645.34,4605.1,,2
2026-01-30,Send Help,U1,C,189535,"""Send Help"" Opening Weekend Box Office",18.0,>15m,15.0,inf,>15m,0,1,0,NONE,,,,,,,,,,,,,,
2026-01-30,Send Help,U1,D,189535,"""Send Help"" Opening Weekend Box Office",20.0,>15m,15.0,inf,>15m,0,1,0,NONE,,,,,,,,,,,,,,
2026-01-30,Shelter,U1,A,190375,"""Shelter"" Opening Weekend Box Office",6.0,>3.5m,3.5,inf,>3.5m,0,1,0,EXT180,0.8003,0.7777,0.0,0.0,1.0,0.2495,0.2495,0.28578,0.23408,1,0,4974.07,0.96,2
2026-02-06,Solo Mio,U1,B,197012,"""Solo Mio"" Opening Weekend Box Office",7.6,7-8.5m,7.0,8.5,7-8.5m,0,1,0,W60,0.5441,0.517,0.0,0.0,1.0,0.83781,0.83781,0.93425,0.80465,1,1360.18,2360.91,,9
2026-02-06,Solo Mio,U1,D,197012,"""Solo Mio"" Opening Weekend Box Office",7.2,7-8.5m,7.0,8.5,7-8.5m,0,1,0,W60,0.8767,0.84,0.0,0.0,1.0,0.14059,0.14059,0.19048,0.12773,1,897.38,14206.85,,7
2026-02-06,Stray Kids: The dominATE Experience,U1,D,200575,"""Stray Kids: The dominATE Experience"" Opening Weekend Box Office",5.5,>3.25m,3.25,inf,>3.25m,0,1,0,NONE,,,,,,,,,,,,,,
2026-02-06,The Strangers - Chapter 3,U1,B,197013,"""The Strangers - Chapter 3"" Opening Weekend Box Office",3.7,3.5-5m,3.5,5.0,<3.5m,1,1,0,W60,0.68,0.68,0.0,0.0,0.0,-1.0,-1.0,-1.0,-1.0,1,5.49,1965.31,0.5442,1
2026-02-06,The Strangers - Chapter 3,U1,D,197013,"""The Strangers - Chapter 3"" Opening Weekend Box Office",3.5,3.5-5m,3.5,5.0,<3.5m,1,0,0,W60,0.7176,0.7,0.0,0.0,0.0,-1.0,-1.0,-1.0,-1.0,1,88.27,11399.37,0.001,2
2026-02-20,Crime 101,U2,B,212960,"""Crime 101"" Second Weekend Box Office",5.5,<8m,0.0,8.0,<8m,0,1,0,EXT180,0.9858,0.9857,0.0,0.0,1.0,0.01439,0.01439,0.01447,0.00421,0,0,3930.45,,2
2026-02-20,GOAT,U2,B,212958,"""GOAT"" Second Weekend Box Office",13.0,<15m,0.0,15.0,15-17.5m,1,1,0,W60,0.05,0.05,0.0,0.0,0.0,-1.0,-1.0,-1.0,-1.0,1,1.0,298.27,0.0569,1
2026-02-20,GOAT,U2,D,212958,"""GOAT"" Second Weekend Box Office",17.0,15-17.5m,15.0,17.5,15-17.5m,0,1,0,W60,0.961,0.961,0.0,0.0,1.0,0.04058,0.04058,0.04058,0.02987,0,9.69,5982.31,,1
2026-02-20,How to Make a Killing,U1,B,212951,"""How to Make a Killing"" Opening Weekend Box Office",3.0,<3.5m,0.0,3.5,<3.5m,0,1,0,W60,0.85,0.85,0.0,0.0,1.0,0.17647,0.17647,0.17647,0.16279,1,49.85,554.72,0.2773,3
2026-02-20,How to Make a Killing,U1,B,217576,"""How to Make a Killing"" Opening Weekend Box Office (Lower Strikes)",3.0,3-3.5m,3.0,3.5,3-3.5m,0,0,0,EXT180,0.4041,0.39,0.0,0.0,1.0,1.47445,1.47445,1.5641,1.4147,1,0,11.5,0.39,2
2026-02-20,How to Make a Killing,U1,D,212951,"""How to Make a Killing"" Opening Weekend Box Office",3.5,3.5-5m,3.5,5.0,<3.5m,1,0,0,W60,0.6658,0.65,0.0,0.0,0.0,-1.0,-1.0,-1.0,-1.0,1,53.67,4346.86,0.8973,4
2026-02-20,How to Make a Killing,U1,D,217576,"""How to Make a Killing"" Opening Weekend Box Office (Lower Strikes)",3.5,>3.5m,3.5,inf,3-3.5m,1,0,0,EXT180,0.9486,0.95,0.0,0.0,0.0,-1.0,-1.0,-1.0,-1.0,1,0,2789.04,,4
2026-02-20,I Can Only Imagine 2,U1,D,212949,"""I Can Only Imagine 2"" Opening Weekend Box Office",8.0,<10m,0.0,10.0,<10m,0,1,0,W60,0.998,0.998,0.0,0.0,1.0,0.002,0.002,0.002,0.001,0,9.98,3531.74,,1
2026-02-20,I Can Only Imagine 2,U1,D,217571,"""I Can Only Imagine 2"" Opening Weekend Box Office (Lower Strikes)",8.0,8-8.5m,8.0,8.5,7.5-8m,1,0,0,NONE,,,,,,,,,,,,,,
2026-02-20,Wuthering Heights,U2,B,212952,"""Wuthering Heights"" Second Weekend Box Office",13.0,<18m,0.0,18.0,<18m,0,1,0,W60,0.99,0.99,0.0,0.0,1.0,0.0101,0.0101,0.0101,0.001,0,7.68,450.09,0.9887,1
2026-02-20,Wuthering Heights,U2,D,212952,"""Wuthering Heights"" Second Weekend Box Office",14.2,<18m,0.0,18.0,<18m,0,1,0,NONE,,,,,,,,,,,,,,
2026-02-27,GOAT,U2,C,227935,"""GOAT"" Third Weekend Box Office",11.75,11-12m,11.0,12.0,>12m,1,0,0,EXT180,0.45,0.45,0.0,0.0,0.0,-1.0,-1.0,-1.0,-1.0,1,0,1434.37,0.735,1
2026-02-27,GOAT,U2,D,227935,"""GOAT"" Third Weekend Box Office",12.0,>12m,12.0,inf,>12m,0,0,0,W60,0.29,0.29,0.0,0.0,1.0,2.44828,2.44828,2.44828,2.33333,1,1.74,5294.44,,1
2026-02-27,Scream 7,U1,B,217626,"""Scream 7"" Opening Weekend Box Office",59.0,55-60m,55.0,60.0,60-65m,1,0,0,W60,0.0352,0.0157,0.0,0.0,0.0,-1.0,-1.0,-1.0,-1.0,1,23.54,466.31,0.0638,5
2026-02-27,Scream 7,U1,C,217626,"""Scream 7"" Opening Weekend Box Office",60.0,60-65m,60.0,65.0,60-65m,0,0,0,W60,0.4833,0.4833,0.0,0.0,1.0,1.06905,1.06905,1.06905,1.02711,1,18.13,4074.81,0.855,1
2026-02-27,Scream 7,U1,D,217626,"""Scream 7"" Opening Weekend Box Office",64.1,60-65m,60.0,65.0,60-65m,0,0,0,W60,0.855,0.83,0.0,0.0,1.0,0.16963,0.16963,0.20482,0.15611,1,94.24,5269.1,,3
2026-02-27,Wuthering Heights,U2,C,228002,"""Wuthering Heights"" Third Weekend Box Office",7.0,7-8m,7.0,8.0,6-7m,1,0,0,EXT180,0.2219,0.2144,0.0,0.0,0.0,-1.0,-1.0,-1.0,-1.0,1,0,42.07,0.0673,2
2026-02-27,Wuthering Heights,U2,D,228002,"""Wuthering Heights"" Third Weekend Box Office",6.95,6-7m,6.0,7.0,6-7m,0,0,0,W60,0.95,0.95,0.0,0.0,1.0,0.05263,0.05263,0.05263,0.04167,1,2.05,3543.86,,1
2026-03-06,Hoppers,U1,B,242109,"""Hoppers"" Opening Weekend Box Office",40.0,>31m,31.0,inf,>31m,0,1,0,EXT180,0.997,0.997,0.0,0.0,1.0,0.00301,0.00301,0.00301,0.001,0,0,390.64,,3
2026-03-06,Hoppers,U1,B,243751,"""Hoppers"" Opening Weekend Box Office (Higher Strikes)",40.0,38-42m,38.0,42.0,42-46m,1,1,0,EXT180,0.1638,0.27,0.0,0.0,0.0,-1.0,-1.0,-1.0,-1.0,1,0,487.81,0.1236,33
2026-03-06,Hoppers,U1,D,242109,"""Hoppers"" Opening Weekend Box Office",46.0,>31m,31.0,inf,>31m,0,1,0,W60,0.999,0.999,0.0,0.0,1.0,0.001,0.001,0.001,0.001,0,11000.76,11000.76,0.999,1
2026-03-06,Hoppers,U1,D,243751,"""Hoppers"" Opening Weekend Box Office (Higher Strikes)",46.0,46-50m,46.0,50.0,42-46m,1,0,0,W60,0.4024,0.4,0.0,0.0,0.0,-1.0,-1.0,-1.0,-1.0,1,3405.12,13144.13,0.0217,20
2026-03-06,Scream 7,U2,B,242139,"""Scream 7"" Second Weekend Box Office",18.0,<19m,0.0,19.0,<19m,0,1,0,EXT180,0.9025,0.878,0.0,0.0,1.0,0.10801,0.10801,0.13895,0.09587,1,0,1880.95,,16
2026-03-06,Scream 7,U2,D,242139,"""Scream 7"" Second Weekend Box Office",17.3,<19m,0.0,19.0,<19m,0,1,0,W60,0.994,0.994,0.0,0.0,1.0,0.00604,0.00604,0.00604,0.001,0,1.84,7443.65,,1
2026-03-06,The Bride!,U1,B,242110,"""The Bride!"" Opening Weekend Box Office",9.0,<10m,0.0,10.0,<10m,0,1,0,W60,0.95,0.95,0.0,0.0,1.0,0.05263,0.05263,0.05263,0.04167,1,8.38,164.35,,1
2026-03-06,The Bride!,U1,D,242110,"""The Bride!"" Opening Weekend Box Office",7.3,<10m,0.0,10.0,<10m,0,1,0,NONE,,,,,,,,,,,,,,
2026-03-13,Hoppers,U2,B,256948,"""Hoppers"" 2nd Weekend Box Office",30.0,29-32m,29.0,32.0,26-29m,1,1,0,EXT180,0.4265,0.56,0.0,0.0,0.0,-1.0,-1.0,-1.0,-1.0,1,0,205.3,,8
2026-03-13,Hoppers,U2,C,256948,"""Hoppers"" 2nd Weekend Box Office",30.0,29-32m,29.0,32.0,26-29m,1,1,0,NONE,,,,,,,,,,,,,,
2026-03-13,Hoppers,U2,D,256948,"""Hoppers"" 2nd Weekend Box Office",28.5,26-29m,26.0,29.0,26-29m,0,0,0,W60,0.7823,0.786,0.0,0.0,1.0,0.2782,0.2782,0.27226,0.26207,1,17.14,7090.06,,2
2026-03-13,Reminders of Him,U1,B,256942,"""Reminders of Him"" Opening Weekend Box Office",18.0,16-19m,16.0,19.0,16-19m,0,1,0,EXT180,0.2721,0.279,0.0,0.0,1.0,2.67567,2.67567,2.58372,2.54536,1,0,280.87,0.5106,2
2026-03-13,Reminders of Him,U1,C,256942,"""Reminders of Him"" Opening Weekend Box Office",19.0,19-22m,19.0,22.0,16-19m,1,0,0,W60,0.4367,0.42,0.0,0.0,0.0,-1.0,-1.0,-1.0,-1.0,1,2.62,5945.21,0.0158,2
2026-03-13,Reminders of Him,U1,D,256942,"""Reminders of Him"" Opening Weekend Box Office",18.2,16-19m,16.0,19.0,16-19m,0,1,0,W60,0.983,0.983,0.0,0.0,1.0,0.01729,0.01729,0.01729,0.00705,0,4.33,8208.02,,1
2026-03-13,Scream 7,U2,B,257006,"""Scream 7"" 3rd Weekend Box Office",7.5,7.5-8m,7.5,8.0,8.5-9m,1,0,0,EXT180,0.3375,0.3375,0.0,0.0,0.0,-1.0,-1.0,-1.0,-1.0,1,0,13.5,,1
2026-03-13,Scream 7,U2,D,257006,"""Scream 7"" 3rd Weekend Box Office",8.35,8-8.5m,8.0,8.5,8.5-9m,1,0,0,W60,0.7211,0.77,0.0,0.0,0.0,-1.0,-1.0,-1.0,-1.0,1,36.9,1726.49,,7
2026-03-13,Undertone,U1,B,256943,"""Undertone"" Opening Weekend Box Office",9.5,9-10m,9.0,10.0,9-10m,0,1,0,W60,0.47,0.47,0.0,0.0,1.0,1.12766,1.12766,1.12766,1.08333,1,1.41,655.21,0.3009,1
2026-03-13,Undertone,U1,C,256943,"""Undertone"" Opening Weekend Box Office",10.0,>10m,10.0,inf,9-10m,1,0,0,W60,0.0489,0.0511,0.0,0.0,0.0,-1.0,-1.0,-1.0,-1.0,1,23.04,1304.43,,10
2026-03-13,Undertone,U1,D,256943,"""Undertone"" Opening Weekend Box Office",9.3,9-10m,9.0,10.0,9-10m,0,1,0,W60,0.744,0.744,0.0,0.0,1.0,0.34409,0.34409,0.34409,0.32626,1,7.44,2959.0,,1
2026-03-20,Project Hail Mary,U1,D,257015,"""Project Hail Mary"" Opening Weekend Box Office",80.5,80-85m,80.0,85.0,80-85m,0,0,0,W60,0.9055,0.9,0.0,0.0,1.0,0.10437,0.10437,0.11111,0.09231,1,938.44,14060.22,,13
2026-03-20,Ready or Not 2: Here I Come,U1,D,277360,"""Ready or Not 2: Here I Come"" Opening Weekend Box Office",9.0,8.5-10m,8.5,10.0,8.5-10m,0,1,0,W60,0.9831,0.983,0.0,0.0,1.0,0.01718,0.01718,0.01729,0.00694,0,24.59,4955.42,,4
2026-03-27,Project Hail Mary,U2,D,300221,"""Project Hail Mary"" 2nd Weekend Box Office",54.5,>54m,54.0,inf,>54m,0,0,0,W60,0.7794,0.9,0.0,0.0,1.0,0.28311,0.28311,0.11111,0.26685,1,94.34,7350.69,,8
2026-03-27,They Will Kill You,U1,D,300220,"""They Will Kill You"" Opening Weekend Box Office",5.0,5-6m,5.0,6.0,<5m,1,0,0,W60,0.1855,0.1636,0.0,0.0,0.0,-1.0,-1.0,-1.0,-1.0,1,46.49,1405.16,0.3011,7
2026-04-03,Project Hail Mary,U2,B,325552,"""Project Hail Mary"" 3rd Weekend Box Office",33.2,<35m,0.0,35.0,<35m,0,1,0,W60,0.7064,0.68,0.0,0.0,1.0,0.41553,0.41553,0.47059,0.39577,1,777.12,1975.48,0.9523,7
2026-04-03,Project Hail Mary,U2,C,325552,"""Project Hail Mary"" 3rd Weekend Box Office",32.6,<35m,0.0,35.0,<35m,0,1,0,W60,0.9523,0.8918,0.0,0.0,1.0,0.05009,0.05009,0.12128,0.03918,0,1004.04,6890.51,,6
2026-04-03,Project Hail Mary,U2,D,325552,"""Project Hail Mary"" 3rd Weekend Box Office",30.6,<35m,0.0,35.0,<35m,0,1,0,NONE,,,,,,,,,,,,,,
2026-04-03,The Drama,U1,B,325551,"""The Drama"" Opening Weekend Box Office",13.0,>10m,10.0,inf,>10m,0,1,0,EXT180,0.9861,0.985,0.0,0.0,1.0,0.01413,0.01413,0.01523,0.00395,0,0,375.97,,4
2026-04-03,The Drama,U1,B,330030,"""The Drama"" Opening Weekend Box Office (Higher Strikes)",13.0,13-14m,13.0,14.0,14-15m,1,0,0,W60,0.31,0.31,0.05,0.01069,0.0,-1.0,-1.0,-1.0,-1.0,1,19.05,890.16,0.3861,1
2026-04-03,The Drama,U1,C,325551,"""The Drama"" Opening Weekend Box Office",14.0,>10m,10.0,inf,>10m,0,1,0,NONE,,,,,,,,,,,,,,
2026-04-03,The Drama,U1,C,330030,"""The Drama"" Opening Weekend Box Office (Higher Strikes)",14.0,14-15m,14.0,15.0,14-15m,0,0,0,W60,0.5633,0.36,0.05,0.0123,1.0,0.7753,0.73736,1.69165,0.70789,1,919.07,3381.55,0.97,8
2026-04-03,The Drama,U1,D,325551,"""The Drama"" Opening Weekend Box Office",14.4,>10m,10.0,inf,>10m,0,1,0,NONE,,,,,,,,,,,,,,
2026-04-03,The Drama,U1,D,330030,"""The Drama"" Opening Weekend Box Office (Higher Strikes)",14.4,14-15m,14.0,15.0,14-15m,0,1,0,W60,0.97,0.97,0.05,0.00146,1.0,0.03093,0.02938,0.02938,0.01939,0,48.17,3175.63,,4
2026-04-24,Michael,U1,A,361961,"""Michael"" Opening Weekend Box Office",70.0,70-75m,70.0,75.0,>80m,1,0,0,W60,0.0066,0.0066,0.05,0.00033,0.0,-1.0,-1.0,-1.0,-1.0,1,6.3,12.81,0.001,2
2026-04-24,Michael,U1,A,378633,"""Michael"" Opening Weekend Box Office (Higher Strikes)",70.0,<80m,0.0,80.0,95-100m,1,1,0,W60,0.0241,0.022,0.05,0.00118,0.0,-1.0,-1.0,-1.0,-1.0,1,2.71,39.3,,3
2026-04-24,Michael,U1,C,361961,"""Michael"" Opening Weekend Box Office",95.0,>80m,80.0,inf,>80m,0,1,0,W60,0.996,0.996,0.05,0.0002,1.0,0.00402,0.00382,0.00382,0.00095,0,15.09,11340.56,0.9984,1
2026-04-24,Michael,U1,C,378633,"""Michael"" Opening Weekend Box Office (Higher Strikes)",95.0,95-100m,95.0,100.0,95-100m,0,0,0,W60,0.4433,0.47,0.05,0.01234,1.0,1.25559,1.19451,1.07273,1.14715,1,527.4,10167.12,0.9125,19
2026-04-24,Michael,U1,D,361961,"""Michael"" Opening Weekend Box Office",97.0,>80m,80.0,inf,>80m,0,1,0,W60,0.9984,0.998,0.05,8e-05,1.0,0.00159,0.00151,0.0019,0.00095,0,4563.37,10089.82,,7
2026-04-24,Michael,U1,D,378633,"""Michael"" Opening Weekend Box Office (Higher Strikes)",97.0,95-100m,95.0,100.0,95-100m,0,0,0,W60,0.9125,0.92,0.05,0.00399,1.0,0.09588,0.0911,0.08263,0.07981,1,180.3,7824.16,,26
2026-04-24,The Super Mario Galaxy Movie,U2,B,406723,"""The Super Mario Galaxy Movie"" 4th Weekend Box Office",20.5,>20.5m,20.5,inf,>20.5m,0,0,0,W60,0.6587,0.64,0.05,0.01124,1.0,0.5182,0.49272,0.53487,0.47112,1,642.16,3722.78,0.73,7
2026-04-24,The Super Mario Galaxy Movie,U2,C,406723,"""The Super Mario Galaxy Movie"" 4th Weekend Box Office",20.5,>20.5m,20.5,inf,>20.5m,0,0,0,W60,0.73,0.73,0.05,0.00985,1.0,0.36986,0.35162,0.35162,0.33401,1,5.85,8602.93,0.6904,1
2026-04-24,The Super Mario Galaxy Movie,U2,D,406723,"""The Super Mario Galaxy Movie"" 4th Weekend Box Office",21.2,>20.5m,20.5,inf,>20.5m,0,1,0,W60,0.6904,0.7213,0.05,0.01069,1.0,0.4485,0.42642,0.36729,0.40675,1,815.76,12974.73,,16
2026-05-01,Animal Farm,U1,C,424880,"""Animal Farm"" Opening Weekend Box Office",3.3,3-3.5m,3.0,3.5,3-3.5m,0,1,0,W60,0.5849,0.615,0.0,0.0,1.0,0.70972,0.70972,0.6261,0.68098,1,270.34,1173.09,0.84,4
2026-05-01,Animal Farm,U1,D,424880,"""Animal Farm"" Opening Weekend Box Office",3.4,3-3.5m,3.0,3.5,3-3.5m,0,1,0,W60,0.84,0.84,0.0,0.0,1.0,0.19048,0.19048,0.19048,0.17647,1,2.0,1863.95,,1
2026-05-01,Hokum,U1,B,434565,"""Hokum"" Opening Weekend Box Office",6.0,6-7m,6.0,7.0,6-7m,0,0,0,NONE,,,,,,,,,,,,,,
2026-05-01,Hokum,U1,C,434565,"""Hokum"" Opening Weekend Box Office",6.0,6-7m,6.0,7.0,6-7m,0,0,0,EXT180,0.73,0.73,0.0,0.0,1.0,0.36986,0.36986,0.36986,0.35135,1,0,1558.8,,3
2026-05-01,Hokum,U1,D,434565,"""Hokum"" Opening Weekend Box Office",6.4,6-7m,6.0,7.0,6-7m,0,1,0,NONE,,,,,,,,,,,,,,
2026-05-01,Michael,U2,C,434562,"""Michael"" 2nd Weekend Box Office",51.0,50-55m,50.0,55.0,50-55m,0,0,0,W60,0.57,0.57,0.05,0.01226,1.0,0.75439,0.71746,0.71746,0.68868,1,21.66,5050.15,0.5762,1
2026-05-01,Michael,U2,D,434562,"""Michael"" 2nd Weekend Box Office",54.0,50-55m,50.0,55.0,50-55m,0,0,0,W60,0.5762,0.6,0.05,0.01221,1.0,0.7355,0.69949,0.63399,0.67132,1,330.22,12581.88,,6
2026-05-01,The Devil Wears Prada 2,U1,A,361004,"""The Devil Wears Prada 2"" Opening Weekend Box Office",77.5,70-80m,70.0,80.0,70-80m,0,1,0,W60,0.6532,0.642,0.05,0.01133,1.0,0.53091,0.50482,0.53024,0.48286,1,171.63,2748.25,0.9039,5
2026-05-01,The Devil Wears Prada 2,U1,B,361004,"""The Devil Wears Prada 2"" Opening Weekend Box Office",77.5,70-80m,70.0,80.0,70-80m,0,1,0,W60,0.9039,0.9039,0.05,0.00434,1.0,0.10627,0.10098,0.10098,0.08948,1,59.67,4553.72,0.8983,1
2026-05-01,The Devil Wears Prada 2,U1,C,361004,"""The Devil Wears Prada 2"" Opening Weekend Box Office",77.5,70-80m,70.0,80.0,70-80m,0,1,0,W60,0.8983,0.938,0.05,0.00457,1.0,0.11319,0.10756,0.0628,0.09591,1,478.87,17099.86,0.986,15
2026-05-01,The Devil Wears Prada 2,U1,D,361004,"""The Devil Wears Prada 2"" Opening Weekend Box Office",77.0,70-80m,70.0,80.0,70-80m,0,1,0,W60,0.986,0.986,0.05,0.00069,1.0,0.0142,0.01349,0.01349,0.00382,0,5.92,3692.53,,1
2026-05-01,The Super Mario Galaxy Movie,U2,B,434574,"""The Super Mario Galaxy Movie"" 5th Weekend Box Office",11.2,<11.5m,0.0,11.5,11.5-12.5m,1,1,0,NONE,,,,,,,,,,,,,,
2026-05-01,The Super Mario Galaxy Movie,U2,C,434574,"""The Super Mario Galaxy Movie"" 5th Weekend Box Office",12.1,11.5-12.5m,11.5,12.5,11.5-12.5m,0,1,0,EXT180,0.4999,0.4999,0.05,0.0125,1.0,1.0004,0.9516,0.9516,0.91426,1,0,1279.77,,1
2026-05-01,The Super Mario Galaxy Movie,U2,D,434574,"""The Super Mario Galaxy Movie"" 5th Weekend Box Office",12.1,11.5-12.5m,11.5,12.5,11.5-12.5m,0,1,0,NONE,,,,,,,,,,,,,,
2026-05-08,Michael,U2,B,452217,"""Michael"" 3rd Weekend Box Office",35.0,35-38m,35.0,38.0,35-38m,0,0,0,W60,0.372,0.463,0.05,0.01168,1.0,1.68804,1.60621,1.10335,1.53921,1,38.42,721.33,,8
2026-05-08,Michael,U2,C,452217,"""Michael"" 3rd Weekend Box Office",35.0,35-38m,35.0,38.0,35-38m,0,0,0,EXT180,0.4828,0.4786,0.05,0.01249,1.0,1.07132,1.0191,1.03619,0.97909,1,0,10028.33,0.605,8
2026-05-08,Michael,U2,D,452217,"""Michael"" 3rd Weekend Box Office",36.5,35-38m,35.0,38.0,35-38m,0,1,0,W60,0.605,0.605,0.05,0.01195,1.0,0.65289,0.62088,0.62088,0.59531,1,5.88,21099.76,,1
2026-05-08,Mortal Kombat II,U1,A,449511,"""Mortal Kombat II"" Opening Weekend Box Office",40.0,40-45m,40.0,45.0,35-40m,1,0,0,W60,0.1784,0.1895,0.0,0.0,0.0,-1.0,-1.0,-1.0,-1.0,1,25.83,1853.45,0.0893,2
2026-05-08,Mortal Kombat II,U1,B,449511,"""Mortal Kombat II"" Opening Weekend Box Office",41.0,40-45m,40.0,45.0,35-40m,1,0,0,W60,0.0893,0.0848,0.0,0.0,0.0,-1.0,-1.0,-1.0,-1.0,1,88.69,2036.89,0.2861,4
2026-05-08,Mortal Kombat II,U1,C,449511,"""Mortal Kombat II"" Opening Weekend Box Office",41.0,40-45m,40.0,45.0,35-40m,1,0,0,W60,0.2861,0.29,0.0,0.0,0.0,-1.0,-1.0,-1.0,-1.0,1,22.83,4094.39,0.0934,3
2026-05-08,Mortal Kombat II,U1,D,449511,"""Mortal Kombat II"" Opening Weekend Box Office",38.7,35-40m,35.0,40.0,35-40m,0,1,0,W60,0.9102,0.91,0.0,0.0,1.0,0.09867,0.09867,0.0989,0.08673,1,46.38,19186.17,,3
2026-05-08,The Devil Wears Prada 2,U2,B,452216,"""The Devil Wears Prada 2"" 2nd Weekend Box Office",41.0,<50m,0.0,50.0,<50m,0,1,0,EXT180,0.9981,0.9981,0.05,0.0001,1.0,0.00193,0.00183,0.00183,0.00095,0,0,100.0,,1
2026-05-08,The Devil Wears Prada 2,U2,C,452216,"""The Devil Wears Prada 2"" 2nd Weekend Box Office",41.0,<50m,0.0,50.0,<50m,0,1,0,EXT180,0.997,0.997,0.05,0.00015,1.0,0.00301,0.00286,0.00286,0.00095,0,0,9854.17,,1
2026-05-08,The Devil Wears Prada 2,U2,D,452216,"""The Devil Wears Prada 2"" 2nd Weekend Box Office",43.0,<50m,0.0,50.0,<50m,0,1,0,NONE,,,,,,,,,,,,,,
2026-05-08,The Sheep Detectives,U1,A,452208,"""The Sheep Detectives"" Opening Weekend Box Office",13.5,12-15m,12.0,15.0,15-18m,1,1,0,W60,0.4,0.4,0.0,0.0,0.0,-1.0,-1.0,-1.0,-1.0,1,7.94,1392.41,,1
2026-05-08,The Sheep Detectives,U1,B,452208,"""The Sheep Detectives"" Opening Weekend Box Office",13.6,12-15m,12.0,15.0,15-18m,1,1,0,EXT180,0.3778,0.41,0.0,0.0,0.0,-1.0,-1.0,-1.0,-1.0,1,0,776.49,0.1914,14
2026-05-08,The Sheep Detectives,U1,C,452208,"""The Sheep Detectives"" Opening Weekend Box Office",14.9,12-15m,12.0,15.0,15-18m,1,0,0,W60,0.1914,0.1914,0.0,0.0,0.0,-1.0,-1.0,-1.0,-1.0,1,29.61,1335.99,0.0424,21
2026-05-08,The Sheep Detectives,U1,D,452208,"""The Sheep Detectives"" Opening Weekend Box Office",14.8,12-15m,12.0,15.0,15-18m,1,0,0,W60,0.0424,0.041,0.0,0.0,0.0,-1.0,-1.0,-1.0,-1.0,1,57.12,528.94,,6
2026-05-15,In the Grey,U1,D,481326,"""In the Grey"" Opening Weekend Box Office",3.0,<3.5m,0.0,3.5,<3.5m,0,1,0,EXT180,0.988,0.988,0.05,0.00059,1.0,0.01215,0.01154,0.01154,0.0019,0,0,8733.4,,1
2026-05-15,Michael,U2,D,478056,"""Michael"" 4th Weekend Box Office",26.1,>25m,25.0,inf,>25m,0,1,0,W60,0.9913,0.99,0.05,0.00043,1.0,0.00879,0.00835,0.0096,0.00095,0,175.41,3985.86,,4
2026-05-15,Mortal Kombat II,U2,D,478039,"""Mortal Kombat II"" 2nd Weekend Box Office",13.4,<20m,0.0,20.0,<20m,0,1,0,NONE,,,,,,,,,,,,,,
2026-05-15,Obsession,U1,D,478037,"""Obsession"" Opening Weekend Box Office",16.1,>15m,15.0,inf,>15m,0,1,0,W60,0.999,0.999,0.05,5e-05,1.0,0.001,0.00095,0.00095,0.00095,0,357.23,1784.58,,4
2026-05-15,The Devil Wears Prada 2,U2,D,478054,"""The Devil Wears Prada 2"" 3rd Weekend Box Office",18.0,<23m,0.0,23.0,<23m,0,1,0,NONE,,,,,,,,,,,,,,
2026-05-22,I Love Boosters,U1,B,506874,"""I Love Boosters"" Opening Weekend Box Office",4.0,4-5m,4.0,5.0,3-4m,1,0,0,NONE,,,,,,,,,,,,,,
2026-05-22,I Love Boosters,U1,C,506874,"""I Love Boosters"" Opening Weekend Box Office",3.9,3-4m,3.0,4.0,3-4m,0,1,0,NONE,,,,,,,,,,,,,,
2026-05-22,Michael,U2,B,509877,"""Michael"" 5th Weekend Box Office",18.5,18-19m,18.0,19.0,>19m,1,1,0,EXT180,0.19,0.19,0.05,0.00769,0.0,-1.0,-1.0,-1.0,-1.0,1,0,45.49,,1
2026-05-22,Michael,U2,C,509877,"""Michael"" 5th Weekend Box Office",18.5,18-19m,18.0,19.0,>19m,1,1,0,NONE,,,,,,,,,,,,,,
2026-05-22,The Devil Wears Prada 2,U2,B,506042,"""The Devil Wears Prada 2"" 4th Weekend Box Office",10.5,10.5-11.5m,10.5,11.5,12.5-13.5m,1,0,0,NONE,,,,,,,,,,,,,,
2026-05-29,Backrooms,U1,B,478336,"""Backrooms"" Opening Weekend Box Office",77.5,>35m,35.0,inf,>35m,0,1,0,NONE,,,,,,,,,,,,,,
2026-05-29,Backrooms,U1,B,527165,"""Backrooms"" Opening Weekend Box Office (Higher Strikes)",77.5,>61m,61.0,inf,>61m,0,1,0,NONE,,,,,,,,,,,,,,
2026-05-29,Backrooms,U1,B,534458,"""Backrooms"" Opening Weekend Box Office (Even Higher Strikes)",77.5,73-79m,73.0,79.0,>79m,1,0,0,W60,0.1177,0.144,0.05,0.00519,0.0,-1.0,-1.0,-1.0,-1.0,1,63.22,331.34,0.1017,6
2026-05-29,Backrooms,U1,C,478336,"""Backrooms"" Opening Weekend Box Office",86.5,>35m,35.0,inf,>35m,0,1,0,NONE,,,,,,,,,,,,,,
2026-05-29,Backrooms,U1,C,527165,"""Backrooms"" Opening Weekend Box Office (Higher Strikes)",86.5,>61m,61.0,inf,>61m,0,1,0,W60,0.997,0.997,0.05,0.00015,1.0,0.00301,0.00286,0.00286,0.00095,0,9.97,3061.89,,1
2026-05-29,Backrooms,U1,C,534458,"""Backrooms"" Opening Weekend Box Office (Even Higher Strikes)",86.5,>79m,79.0,inf,>79m,0,1,0,W60,0.9056,0.8993,0.05,0.00427,1.0,0.10418,0.099,0.10635,0.08754,1,537.37,31620.13,0.96,3
2026-05-29,Backrooms,U1,D,478336,"""Backrooms"" Opening Weekend Box Office",81.4,>35m,35.0,inf,>35m,0,1,0,NONE,,,,,,,,,,,,,,
2026-05-29,Backrooms,U1,D,527165,"""Backrooms"" Opening Weekend Box Office (Higher Strikes)",81.4,>61m,61.0,inf,>61m,0,1,0,NONE,,,,,,,,,,,,,,
2026-05-29,Backrooms,U1,D,534458,"""Backrooms"" Opening Weekend Box Office (Even Higher Strikes)",81.4,>79m,79.0,inf,>79m,0,1,0,W60,0.96,0.96,0.05,0.00192,1.0,0.04167,0.03959,0.03959,0.02938,0,8944.52,29957.14,,12
2026-05-29,Obsession,U2,C,527175,"""Obsession"" 3rd Weekend Box Office",28.5,>19m,19.0,inf,>19m,0,1,0,NONE,,,,,,,,,,,,,,
2026-05-29,Obsession,U2,D,527175,"""Obsession"" 3rd Weekend Box Office",26.4,>19m,19.0,inf,>19m,0,1,0,NONE,,,,,,,,,,,,,,
2026-05-29,The Breadwinner,U1,B,527173,"""The Breadwinner"" Opening Weekend Box Office",7.75,>7m,7.0,inf,>7m,0,1,0,W60,0.6715,0.55,0.0,0.0,1.0,0.48918,0.48918,0.81818,0.46733,1,6068.68,21317.51,0.9,41
2026-05-29,The Breadwinner,U1,C,527173,"""The Breadwinner"" Opening Weekend Box Office",7.5,>7m,7.0,inf,>7m,0,1,0,W60,0.9,0.9,0.0,0.0,1.0,0.11111,0.11111,0.11111,0.0989,1,14.49,16395.44,0.9302,1
2026-05-29,The Mandalorian and Grogu,U2,B,527174,"""The Mandalorian and Grogu"" 2nd Weekend Box Office",24.0,<25m,0.0,25.0,<25m,0,1,0,W60,0.9546,0.953,0.05,0.00217,1.0,0.04761,0.04523,0.04686,0.03491,0,73.44,602.42,,2
2026-05-29,The Mandalorian and Grogu,U2,C,527174,"""The Mandalorian and Grogu"" 2nd Weekend Box Office",25.0,25-28m,25.0,28.0,<25m,1,0,0,W60,0.0605,0.0603,0.05,0.00284,0.0,-1.0,-1.0,-1.0,-1.0,1,143.85,985.81,0.0627,2
2026-05-29,The Mandalorian and Grogu,U2,D,527174,"""The Mandalorian and Grogu"" 2nd Weekend Box Office",25.0,25-28m,25.0,28.0,<25m,1,0,0,W60,0.0627,0.0627,0.05,0.00294,0.0,-1.0,-1.0,-1.0,-1.0,1,14.31,831.86,,1
2026-06-05,Backrooms,U2,C,555379,"""Backrooms"" 2nd Weekend Box Office",25.7,<50m,0.0,50.0,<50m,0,1,0,NONE,,,,,,,,,,,,,,
2026-06-05,Backrooms,U2,C,563627,"""Backrooms"" 2nd Weekend Box Office (Lower Strikes)",25.7,<27m,0.0,27.0,<27m,0,1,0,EXT180,0.9089,0.9089,0.05,0.00414,1.0,0.10025,0.09526,0.09526,0.08388,1,0,583.38,0.97,1
2026-06-05,Backrooms,U2,D,555379,"""Backrooms"" 2nd Weekend Box Office",25.9,<50m,0.0,50.0,<50m,0,1,0,NONE,,,,,,,,,,,,,,
2026-06-05,Backrooms,U2,D,563627,"""Backrooms"" 2nd Weekend Box Office (Lower Strikes)",25.9,<27m,0.0,27.0,<27m,0,1,0,W60,0.97,0.97,0.05,0.00146,1.0,0.03093,0.02938,0.02938,0.01939,0,6.79,658.73,,1
2026-06-05,Masters of the Universe,U1,B,552897,"""Masters of the Universe"" Opening Weekend Box Office",31.1,30-33m,30.0,33.0,27-30m,1,1,0,W60,0.0784,0.0784,0.0,0.0,0.0,-1.0,-1.0,-1.0,-1.0,1,15.0,563.87,0.3474,1
2026-06-05,Masters of the Universe,U1,C,552897,"""Masters of the Universe"" Opening Weekend Box Office",30.1,30-33m,30.0,33.0,27-30m,1,0,0,W60,0.3474,0.2392,0.0,0.0,0.0,-1.0,-1.0,-1.0,-1.0,1,392.25,1817.31,,3
2026-06-05,Masters of the Universe,U1,D,552897,"""Masters of the Universe"" Opening Weekend Box Office",29.3,27-30m,27.0,30.0,27-30m,0,0,0,W60,0.9408,0.92,0.0,0.0,1.0,0.06293,0.06293,0.08696,0.05175,1,127.93,2940.89,,2
2026-06-05,Obsession,U2,B,555370,"""Obsession"" 4th Weekend Box Office",24.8,24-27m,24.0,27.0,24-27m,0,1,0,W60,0.7505,0.7505,0.05,0.00936,1.0,0.33245,0.31603,0.31603,0.29936,1,75.05,75.05,0.7837,1
2026-06-05,Obsession,U2,C,555370,"""Obsession"" 4th Weekend Box Office",24.8,24-27m,24.0,27.0,24-27m,0,1,0,W60,0.7837,0.7624,0.05,0.00848,1.0,0.27602,0.26237,0.29629,0.24708,1,257.14,1794.73,,2
2026-06-05,Scary Movie,U1,B,552162,"""Scary Movie"" Opening Weekend Box Office",52.7,52m+,52.0,inf,52m+,0,0,0,W60,0.4653,0.5371,0.05,0.01244,1.0,1.14929,1.09333,0.81978,1.05028,1,46.27,3977.78,0.6228,7
2026-06-05,Scary Movie,U1,C,552162,"""Scary Movie"" Opening Weekend Box Office",56.0,52m+,52.0,inf,52m+,0,1,0,W60,0.6228,0.673,0.05,0.01175,1.0,0.60559,0.57587,0.46198,0.55173,1,148.55,27060.2,0.9777,7
2026-06-05,Scary Movie,U1,D,552162,"""Scary Movie"" Opening Weekend Box Office",55.0,52m+,52.0,inf,52m+,0,1,0,W60,0.9777,0.975,0.05,0.00109,1.0,0.0228,0.02166,0.02436,0.01182,0,384.56,8695.13,,24
2026-06-12,Backrooms,U2,B,580483,"""Backrooms"" 3rd Weekend Box Office",12.4,12-13m,12.0,13.0,11-12m,1,1,0,EXT180,0.53,0.53,0.05,0.01246,0.0,-1.0,-1.0,-1.0,-1.0,1,0,9.3,,3
2026-06-12,Backrooms,U2,D,580483,"""Backrooms"" 3rd Weekend Box Office",11.26,11-12m,11.0,12.0,11-12m,0,0,0,EXT180,0.9497,0.95,0.05,0.00239,1.0,0.05296,0.05032,0.05001,0.03989,1,0,3229.2,,3
2026-06-12,Disclosure Day,U1,B,573049,"""Disclosure Day"" Opening Weekend Box Office",42.5,39-43m,39.0,43.0,43-47m,1,0,0,W60,0.1,0.1,0.0,0.0,0.0,-1.0,-1.0,-1.0,-1.0,1,10.9,542.53,0.1532,1
2026-06-12,Disclosure Day,U1,C,573049,"""Disclosure Day"" Opening Weekend Box Office",44.0,43-47m,43.0,47.0,43-47m,0,0,0,W60,0.81,0.81,0.0,0.0,1.0,0.23457,0.23457,0.23457,0.21951,1,281.67,9008.92,0.973,4
2026-06-12,Disclosure Day,U1,D,573049,"""Disclosure Day"" Opening Weekend Box Office",44.0,43-47m,43.0,47.0,43-47m,0,0,0,W60,0.973,0.973,0.0,0.0,1.0,0.02775,0.02775,0.02775,0.01729,0,5.0,11869.32,,1
2026-06-12,Obsession,U2,C,573058,"""Obsession"" 5th Weekend Box Office",21.0,>19m,19.0,inf,>19m,0,1,0,EXT180,0.8826,0.8773,0.05,0.00518,1.0,0.13305,0.12644,0.13297,0.11437,1,0,2791.12,0.801,3
2026-06-12,Obsession,U2,D,573058,"""Obsession"" 5th Weekend Box Office",19.0,>19m,19.0,inf,>19m,0,0,0,W60,0.801,0.8,0.05,0.00797,1.0,0.24847,0.23617,0.23762,0.22153,1,47.24,15186.7,,2
2026-06-12,Scary Movie,U2,B,580491,"""Scary Movie"" 2nd Weekend Box Office",15.2,15-16m,15.0,16.0,14-15m,1,0,0,W60,0.219,0.219,0.05,0.00855,0.0,-1.0,-1.0,-1.0,-1.0,1,1.31,1.31,,1
2026-06-12,Scary Movie,U2,C,580491,"""Scary Movie"" 2nd Weekend Box Office",14.6,14-15m,14.0,15.0,14-15m,0,1,0,NONE,,,,,,,,,,,,,,
2026-06-12,Scary Movie,U2,D,580491,"""Scary Movie"" 2nd Weekend Box Office",14.5,14-15m,14.0,15.0,14-15m,0,1,0,W60,0.876,0.876,0.05,0.00543,1.0,0.14155,0.13452,0.13452,0.12227,1,5.21,6084.68,,1
2026-06-19,Disclosure Day,U2,B,606338,"""Disclosure Day"" 2nd Weekend Box Office",16.5,<20m,0.0,20.0,<20m,0,1,0,NONE,,,,,,,,,,,,,,
2026-06-19,Disclosure Day,U2,C,606338,"""Disclosure Day"" 2nd Weekend Box Office",17.2,<20m,0.0,20.0,<20m,0,1,0,NONE,,,,,,,,,,,,,,
2026-06-19,Disclosure Day,U2,D,606338,"""Disclosure Day"" 2nd Weekend Box Office",17.0,<20m,0.0,20.0,<20m,0,1,0,NONE,,,,,,,,,,,,,,
2026-06-19,Obsession,U2,C,606337,"""Obsession"" 6th Weekend Box Office",14.2,14-15m,14.0,15.0,<14m,1,0,0,W60,0.47,0.47,0.05,0.01245,0.0,-1.0,-1.0,-1.0,-1.0,1,10.0,4343.29,0.61,1
2026-06-19,Obsession,U2,D,606337,"""Obsession"" 6th Weekend Box Office",14.2,14-15m,14.0,15.0,<14m,1,0,0,W60,0.61,0.61,0.05,0.0119,0.0,-1.0,-1.0,-1.0,-1.0,1,1.6,2365.48,,1
2026-06-19,The Death of Robin Hood,U1,A,608671,"""The Death of Robin Hood"" Opening Weekend Box Office ",3.5,<5m,0.0,5.0,<5m,0,1,0,EXT180,0.968,0.968,0.05,0.00155,1.0,0.03306,0.03141,0.03141,0.02137,0,0,159.79,,1
2026-06-19,The Death of Robin Hood,U1,C,608671,"""The Death of Robin Hood"" Opening Weekend Box Office ",2.5,<5m,0.0,5.0,<5m,0,1,0,NONE,,,,,,,,,,,,,,
2026-06-19,Toy Story 5,U1,A,578306,"""Toy Story 5"" Opening Weekend Box Office",147.5,145-158m,145.0,158.0,158-171m,1,0,0,W60,0.06,0.06,0.0,0.0,0.0,-1.0,-1.0,-1.0,-1.0,1,14.19,1379.17,0.2216,1
2026-06-19,Toy Story 5,U1,B,578306,"""Toy Story 5"" Opening Weekend Box Office",165.0,158-171m,158.0,171.0,158-171m,0,1,0,W60,0.7781,0.78,0.0,0.0,1.0,0.28524,0.28524,0.28205,0.26893,1,481.89,5247.0,0.7187,5
2026-06-19,Toy Story 5,U1,C,578306,"""Toy Story 5"" Opening Weekend Box Office",165.0,158-171m,158.0,171.0,158-171m,0,1,0,W60,0.7187,0.64,0.0,0.0,1.0,0.39149,0.39149,0.5625,0.37239,1,40.4,32232.25,0.8899,2
2026-06-19,Toy Story 5,U1,D,578306,"""Toy Story 5"" Opening Weekend Box Office",160.0,158-171m,158.0,171.0,158-171m,0,0,0,W60,0.8899,0.9,0.0,0.0,1.0,0.12373,0.12373,0.11111,0.11124,1,468.85,21693.46,,13
2026-06-26,Jackass: Best and Last,U1,B,626959,"""Jackass: Best and Last"" Opening Weekend Box Office",9.0,9-10m,9.0,10.0,8-9m,1,0,0,EXT180,0.2917,0.439,0.05,0.01033,0.0,-1.0,-1.0,-1.0,-1.0,1,0,50.11,0.2,5
2026-06-26,Jackass: Best and Last,U1,C,626959,"""Jackass: Best and Last"" Opening Weekend Box Office",8.5,8-9m,8.0,9.0,8-9m,0,1,0,EXT180,0.7148,0.71,0.05,0.01019,1.0,0.399,0.37933,0.38832,0.36097,1,0,473.13,,4
2026-06-26,Jackass: Best and Last,U1,D,626959,"""Jackass: Best and Last"" Opening Weekend Box Office",8.4,8-9m,8.0,9.0,8-9m,0,1,0,NONE,,,,,,,,,,,,,,
2026-06-26,Obsession,U2,B,633655,"""Obsession"" 7th Weekend Box Office",8.5,8-9m,8.0,9.0,9-10m,1,1,0,EXT180,0.2626,0.4,0.05,0.00968,0.0,-1.0,-1.0,-1.0,-1.0,1,0,62.15,,4
2026-06-26,Obsession,U2,C,633655,"""Obsession"" 7th Weekend Box Office",9.4,9-10m,9.0,10.0,9-10m,0,1,0,W60,0.78,0.78,0.05,0.00858,1.0,0.28205,0.2681,0.2681,0.25267,1,1.47,5540.33,0.97,1
2026-06-26,Obsession,U2,D,633655,"""Obsession"" 7th Weekend Box Office",9.8,9-10m,9.0,10.0,9-10m,0,0,0,W60,0.97,0.97,0.05,0.00146,1.0,0.03093,0.02938,0.02938,0.01939,0,5.0,655.22,,1
2026-06-26,Supergirl,U1,A,606353,"""Supergirl"" Opening Weekend Box Office",48.5,<52m,0.0,52.0,<52m,0,1,0,NONE,,,,,,,,,,,,,,
2026-06-26,Supergirl,U1,A,623462,"""Supergirl"" Opening Weekend Box Office (Lower Brackets)",48.5,>47m,47.0,inf,35-39m,1,1,0,W60,0.006,0.006,0.05,0.0003,0.0,-1.0,-1.0,-1.0,-1.0,1,0.01,1.08,,1
2026-06-26,Supergirl,U1,B,606353,"""Supergirl"" Opening Weekend Box Office",40.0,<52m,0.0,52.0,<52m,0,1,0,NONE,,,,,,,,,,,,,,
2026-06-26,Supergirl,U1,B,623462,"""Supergirl"" Opening Weekend Box Office (Lower Brackets)",40.0,39-43m,39.0,43.0,35-39m,1,1,0,EXT180,0.2362,0.24,0.05,0.00902,0.0,-1.0,-1.0,-1.0,-1.0,1,0,296.1,0.1,7
2026-06-26,Supergirl,U1,C,606353,"""Supergirl"" Opening Weekend Box Office",40.0,<52m,0.0,52.0,<52m,0,1,0,W60,0.999,0.999,0.05,5e-05,1.0,0.001,0.00095,0.00095,0.00095,0,6.4,3799.82,,1
2026-06-26,Supergirl,U1,C,623462,"""Supergirl"" Opening Weekend Box Office (Lower Brackets)",40.0,39-43m,39.0,43.0,35-39m,1,1,0,W60,0.1,0.1,0.05,0.0045,0.0,-1.0,-1.0,-1.0,-1.0,1,5.0,17.7,,1
2026-06-26,Supergirl,U1,D,606353,"""Supergirl"" Opening Weekend Box Office",38.0,<52m,0.0,52.0,<52m,0,1,0,NONE,,,,,,,,,,,,,,
2026-06-26,Supergirl,U1,D,623462,"""Supergirl"" Opening Weekend Box Office (Lower Brackets)",38.0,35-39m,35.0,39.0,35-39m,0,1,0,EXT180,0.979,0.979,0.05,0.00103,1.0,0.02145,0.02038,0.02038,0.01057,0,0,545.6,,2
2026-06-26,Toy Story 5,U2,C,631613,"""Toy Story 5"" 2nd Weekend Box Office",70.0,69-73m,69.0,73.0,69-73m,0,0,0,NONE,,,,,,,,,,,,,,
2026-06-26,Toy Story 5,U2,D,631613,"""Toy Story 5"" 2nd Weekend Box Office",70.0,69-73m,69.0,73.0,69-73m,0,0,0,W60,0.9,0.9,0.05,0.0045,1.0,0.11111,0.10558,0.10558,0.09398,1,36.15,5758.39,,1
2026-07-03,Supergirl,U2,B,655693,"""Supergirl"" 2nd Weekend Box Office",10.0,<17m,0.0,17.0,<17m,0,1,0,NONE,,,,,,,,,,,,,,
2026-07-03,Supergirl,U2,D,655693,"""Supergirl"" 2nd Weekend Box Office",9.6,<17m,0.0,17.0,<17m,0,1,0,NONE,,,,,,,,,,,,,,
2026-07-03,Toy Story 5,U2,B,655697,"""Toy Story 5"" 3rd Weekend Box Office",30.0,<39m,0.0,39.0,<39m,0,1,0,EXT180,0.987,0.987,0.05,0.00064,1.0,0.01317,0.01251,0.01251,0.00286,0,0,32.71,,1
2026-07-03,Toy Story 5,U2,D,655697,"""Toy Story 5"" 3rd Weekend Box Office",31.0,<39m,0.0,39.0,<39m,0,1,0,NONE,,,,,,,,,,,,,,
2026-07-03,Young Washington,U1,B,651635,"""Young Washington"" Opening Weekend Box Office",16.5,16-18m,16.0,18.0,18-20m,1,1,0,EXT180,0.1744,0.234,0.0,0.0,0.0,-1.0,-1.0,-1.0,-1.0,1,0,110.76,,4
2026-07-03,Young Washington,U1,D,651635,"""Young Washington"" Opening Weekend Box Office",20.8,20-22m,20.0,22.0,18-20m,1,1,0,W60,0.1689,0.174,0.0,0.0,0.0,-1.0,-1.0,-1.0,-1.0,1,31.87,375.97,,5
2026-07-10,Evil Dead Burn,U1,B,673994,"""Evil Dead Burn"" Opening Weekend Box Office",15.0,<20m,0.0,20.0,<20m,0,1,0,EXT180,0.9968,0.997,0.05,0.00016,1.0,0.0032,0.00304,0.00286,0.00095,0,0,1354.89,,8
2026-07-10,Evil Dead Burn,U1,B,688075,"""Evil Dead Burn"" Opening Weekend Box Office (Lower Brackets)",15.0,<16m,0.0,16.0,<16m,0,1,0,NONE,,,,,,,,,,,,,,
2026-07-10,Evil Dead Burn,U1,D,673994,"""Evil Dead Burn"" Opening Weekend Box Office",13.7,<20m,0.0,20.0,<20m,0,1,0,NONE,,,,,,,,,,,,,,
2026-07-10,Evil Dead Burn,U1,D,688075,"""Evil Dead Burn"" Opening Weekend Box Office (Lower Brackets)",13.7,<16m,0.0,16.0,<16m,0,1,0,NONE,,,,,,,,,,,,,,
2026-07-10,Minions & Monsters,U2,B,684453,"""Minions & Monsters"" 2nd Weekend Box Office",20.0,20m+,20.0,inf,20m+,0,0,0,W60,0.255,0.2542,0.05,0.0095,1.0,2.92232,2.78145,2.79195,2.64048,1,721.84,4555.29,0.9241,3
2026-07-10,Minions & Monsters,U2,D,684453,"""Minions & Monsters"" 2nd Weekend Box Office",20.5,20m+,20.0,inf,20m+,0,0,0,EXT180,0.9579,0.94,0.05,0.00202,1.0,0.04394,0.04174,0.06065,0.0315,0,0,2887.65,,15
2026-07-10,Moana (2026),U1,B,673990,"""Moana (2026)"" Opening Weekend Box Office",42.5,39-44m,39.0,44.0,39-44m,0,1,0,W60,0.8591,0.855,0.05,0.00605,1.0,0.16395,0.15581,0.16123,0.14307,1,252.2,1245.12,,4
2026-07-10,Moana (2026),U1,C,673990,"""Moana (2026)"" Opening Weekend Box Office",45.0,>44m,44.0,inf,39-44m,1,0,0,W60,0.1192,0.1,0.05,0.00525,0.0,-1.0,-1.0,-1.0,-1.0,1,11.6,362.48,0.002,5
2026-07-10,Moana (2026),U1,D,673990,"""Moana (2026)"" Opening Weekend Box Office",43.0,39-44m,39.0,44.0,39-44m,0,0,0,W60,0.99,0.99,0.05,0.0005,1.0,0.0101,0.0096,0.0096,0.00095,0,4.95,962.99,,1
2026-07-10,Toy Story 5,U2,B,684445,"""Toy Story 5"" 4th Weekend Box Office",18.0,<19m,0.0,19.0,19-21m,1,1,0,W60,0.979,0.979,0.05,0.00103,0.0,-1.0,-1.0,-1.0,-1.0,0,29.37,138.61,0.788,6
2026-07-10,Toy Story 5,U2,D,684445,"""Toy Story 5"" 4th Weekend Box Office",18.5,<19m,0.0,19.0,19-21m,1,1,0,W60,0.9494,0.941,0.05,0.0024,0.0,-1.0,-1.0,-1.0,-1.0,1,122.31,2889.2,,4
2026-07-17,Minions & Monsters,U2,B,712169,"""Minions & Monsters"" 3rd Weekend Box Office",14.5,14m+,14.0,inf,13-14m,1,1,0,W60,0.5844,0.5844,0.05,0.01214,0.0,-1.0,-1.0,-1.0,-1.0,1,93.68,189.51,0.6534,1
2026-07-17,Moana (2026),U2,B,712153,"""Moana (2026)"" 2nd Weekend Box Office",19.0,19-20.5m,19.0,20.5,17.5-19m,1,0,0,NONE,,,,,,,,,,,,,,
2026-07-17,Moana (2026),U2,C,712153,"""Moana (2026)"" 2nd Weekend Box Office",18.8,17.5-19m,17.5,19.0,17.5-19m,0,0,0,W60,0.46,0.46,0.05,0.01242,1.0,1.17391,1.11676,1.11676,1.07273,1,7.36,757.32,,1
2026-07-17,Moana (2026),U2,D,712153,"""Moana (2026)"" 2nd Weekend Box Office",19.0,19-20.5m,19.0,20.5,17.5-19m,1,0,0,EXT180,0.047,0.047,0.05,0.00224,0.0,-1.0,-1.0,-1.0,-1.0,1,0,65.31,,1
2026-07-17,The Odyssey,U1,A,626857,"""The Odyssey"" Opening Weekend Box Office",95.0,95-105m,95.0,105.0,>115m,1,0,0,W60,0.0209,0.019,0.05,0.00102,0.0,-1.0,-1.0,-1.0,-1.0,1,46.43,159.87,,7
2026-07-17,The Odyssey,U1,A,707270,"""The Odyssey"" Opening Weekend Box Office (Higher Strikes)",95.0,<115m,0.0,115.0,120-125m,1,1,0,W60,0.2831,0.235,0.05,0.01015,0.0,-1.0,-1.0,-1.0,-1.0,1,106.88,253.25,,6
2026-07-17,The Odyssey,U1,B,626857,"""The Odyssey"" Opening Weekend Box Office",117.0,>115m,115.0,inf,>115m,0,0,0,W60,0.98,0.98,0.05,0.00098,1.0,0.02041,0.01939,0.01939,0.0096,0,6.55,15635.55,,1
2026-07-17,The Odyssey,U1,B,707270,"""The Odyssey"" Opening Weekend Box Office (Higher Strikes)",117.0,115-120m,115.0,120.0,120-125m,1,0,0,W60,0.1147,0.11,0.05,0.00508,0.0,-1.0,-1.0,-1.0,-1.0,1,302.25,372.37,,2
2026-07-17,The Odyssey,U1,C,626857,"""The Odyssey"" Opening Weekend Box Office",120.5,>115m,115.0,inf,>115m,0,1,0,EXT180,0.99,0.986,0.05,0.0005,1.0,0.0101,0.0096,0.01349,0.00095,0,0,4431.46,,3
2026-07-17,The Odyssey,U1,C,707270,"""The Odyssey"" Opening Weekend Box Office (Higher Strikes)",120.5,120-125m,120.0,125.0,120-125m,0,0,0,W60,0.26,0.26,0.05,0.00962,1.0,2.84615,2.70892,2.70892,2.57328,1,15.6,14214.05,0.8531,2
2026-07-17,The Odyssey,U1,D,626857,"""The Odyssey"" Opening Weekend Box Office",124.5,>115m,115.0,inf,>115m,0,1,0,EXT180,0.9989,0.9989,0.05,5e-05,1.0,0.00106,0.00101,0.00102,0.00095,0,0,8439.28,,4
2026-07-17,The Odyssey,U1,D,707270,"""The Odyssey"" Opening Weekend Box Office (Higher Strikes)",124.5,120-125m,120.0,125.0,120-125m,0,0,0,W60,0.8531,0.82,0.05,0.00627,1.0,0.17221,0.16366,0.20863,0.15075,1,401.91,17335.03,,5
2026-07-17,Toy Story 5,U2,B,712161,"""Toy Story 5"" 5th Weekend Box Office",13.0,13-14m,13.0,14.0,13-14m,0,0,0,NONE,,,,,,,,,,,,,,
2026-07-24,Moana (2026),U2,B,745760,"""Moana (2026)"" 3rd Weekend Box Office",10.0,10-11m,10.0,11.0,10-11m,0,0,0,NONE,,,,,,,,,,,,,,
2026-07-24,Moana (2026),U2,D,745760,"""Moana (2026)"" 3rd Weekend Box Office",10.5,10-11m,10.0,11.0,10-11m,0,1,0,EXT180,0.92,0.92,0.05,0.00368,1.0,0.08696,0.08263,0.08263,0.07152,1,0,683.79,,1
2026-07-24,The Odyssey,U2,B,726189,"""The Odyssey"" 2nd Weekend Box Office",84.5,80-86m,80.0,86.0,86-92m,1,0,0,W60,0.0588,0.0603,0.05,0.00277,0.0,-1.0,-1.0,-1.0,-1.0,1,23.1,170.59,0.105,2
2026-07-24,The Odyssey,U2,D,726189,"""The Odyssey"" 2nd Weekend Box Office",87.0,86-92m,86.0,92.0,86-92m,0,0,0,W60,0.88,0.88,0.05,0.00528,1.0,0.13636,0.12959,0.12959,0.11745,1,8.8,13147.48,,1
2026-07-31,Spider-Man: Brand New Day,U1,A,608709,"""Spider-Man: Brand New Day"" Opening Weekend Box Office",270.0,260-280m,260.0,280.0,>280m,1,1,0,W60,0.006,0.006,0.05,0.0003,0.0,-1.0,-1.0,-1.0,-1.0,1,0.01,4.07,,1
2026-07-31,Spider-Man: Brand New Day,U1,A,745759,"""Spider-Man: Brand New Day"" Opening Weekend Box Office (Higher Strikes)",270.0,<280m,0.0,280.0,350m+,1,1,0,NONE,,,,,,,,,,,,,,
2026-07-31,Spider-Man: Brand New Day,U1,A,778535,"""Spider-Man: Brand New Day"" Opening Weekend Box Office (Even Higher Strikes)",270.0,<350m,0.0,350.0,360-370m,1,1,0,NONE,,,,,,,,,,,,,,
2026-07-31,Spider-Man: Brand New Day,U1,C,608709,"""Spider-Man: Brand New Day"" Opening Weekend Box Office",337.5,>280m,280.0,inf,>280m,0,1,0,EXT180,0.999,0.999,0.05,5e-05,1.0,0.001,0.00095,0.00095,0.00095,0,0,10513.06,,2
2026-07-31,Spider-Man: Brand New Day,U1,C,745759,"""Spider-Man: Brand New Day"" Opening Weekend Box Office (Higher Strikes)",337.5,330-340m,330.0,340.0,350m+,1,0,0,W60,0.0348,0.0226,0.05,0.00168,0.0,-1.0,-1.0,-1.0,-1.0,1,22.49,44.05,,4
2026-07-31,Spider-Man: Brand New Day,U1,C,778535,"""Spider-Man: Brand New Day"" Opening Weekend Box Office (Even Higher Strikes)",337.5,<350m,0.0,350.0,360-370m,1,1,0,NONE,,,,,,,,,,,,,,
2026-07-31,Spider-Man: Brand New Day,U1,D,608709,"""Spider-Man: Brand New Day"" Opening Weekend Box Office",355.0,>280m,280.0,inf,>280m,0,1,0,NONE,,,,,,,,,,,,,,
2026-07-31,Spider-Man: Brand New Day,U1,D,745759,"""Spider-Man: Brand New Day"" Opening Weekend Box Office (Higher Strikes)",355.0,350m+,350.0,inf,350m+,0,0,0,W60,0.9903,0.99,0.05,0.00048,1.0,0.00977,0.00928,0.0096,0.00095,0,411.71,11848.08,0.999,2
2026-07-31,Spider-Man: Brand New Day,U1,D,778535,"""Spider-Man: Brand New Day"" Opening Weekend Box Office (Even Higher Strikes)",355.0,350-360m,350.0,360.0,360-370m,1,0,0,EXT180,0.8525,0.878,0.05,0.00629,0.0,-1.0,-1.0,-1.0,-1.0,1,0,6859.34,0.001,5
2026-07-31,The Odyssey,U2,B,758897,"""The Odyssey"" 3rd Weekend Box Office",52.0,52-57m,52.0,57.0,47-52m,1,0,0,EXT180,0.0851,0.0851,0.05,0.00389,0.0,-1.0,-1.0,-1.0,-1.0,1,0,288.49,0.251,1
2026-07-31,The Odyssey,U2,C,758897,"""The Odyssey"" 3rd Weekend Box Office",51.0,47-52m,47.0,52.0,47-52m,0,0,0,W60,0.58,0.58,0.05,0.01218,1.0,0.72414,0.68868,0.68868,0.66087,1,14.5,5171.52,,1
2026-07-31,The Odyssey,U2,D,758897,"""The Odyssey"" 3rd Weekend Box Office",51.0,47-52m,47.0,52.0,47-52m,0,0,0,NONE,,,,,,,,,,,,,,
2026-08-07,One Night Only,U1,B,803523,"""One Night Only"" Opening Weekend Box Office",6.0,6-7m,6.0,7.0,<6m,1,0,0,W60,0.3568,0.3568,0.05,0.01147,0.0,-1.0,-1.0,-1.0,-1.0,1,15.58,22.19,,1
2026-08-07,One Night Only,U1,D,803523,"""One Night Only"" Opening Weekend Box Office",5.7,<6m,0.0,6.0,<6m,0,1,0,EXT180,0.9978,0.9978,0.05,0.00011,1.0,0.0022,0.00209,0.00209,0.00095,0,0,243.94,,1
2026-08-07,Spider-Man: Brand New Day,U2,B,793712,"""Spider-Man: Brand New Day"" 2nd Weekend Box Office",137.5,<180m,0.0,180.0,<180m,0,1,0,NONE,,,,,,,,,,,,,,
2026-08-07,Spider-Man: Brand New Day,U2,B,803818,"""Spider-Man: Brand New Day"" 2nd Weekend Box Office (Lower Strikes)",137.5,130-140m,130.0,140.0,140-150m,1,0,0,W60,0.2399,0.2399,0.05,0.00912,0.0,-1.0,-1.0,-1.0,-1.0,1,50.0,458.22,,1
2026-08-07,Spider-Man: Brand New Day,U2,D,793712,"""Spider-Man: Brand New Day"" 2nd Weekend Box Office",145.0,<180m,0.0,180.0,<180m,0,1,0,NONE,,,,,,,,,,,,,,
2026-08-07,Spider-Man: Brand New Day,U2,D,803818,"""Spider-Man: Brand New Day"" 2nd Weekend Box Office (Lower Strikes)",145.0,140-150m,140.0,150.0,140-150m,0,1,0,EXT180,0.9441,0.984,0.05,0.00264,1.0,0.05917,0.05622,0.01545,0.04568,1,0,5197.83,,3
2026-08-07,Super Troopers 3,U1,B,803532,"""Super Troopers 3"" Opening Weekend Box Office",4.0,<6m,0.0,6.0,<6m,0,1,0,NONE,,,,,,,,,,,,,,
2026-08-07,Super Troopers 3,U1,D,803532,"""Super Troopers 3"" Opening Weekend Box Office",4.0,<6m,0.0,6.0,<6m,0,1,0,NONE,,,,,,,,,,,,,,
2026-08-07,The Odyssey,U2,B,793711,"""The Odyssey"" 4th Weekend Box Office",28.5,28-30m,28.0,30.0,30-32m,1,0,0,EXT180,0.072,0.0359,0.05,0.00334,0.0,-1.0,-1.0,-1.0,-1.0,1,0,22.99,,3
2026-08-07,The Odyssey,U2,D,793711,"""The Odyssey"" 4th Weekend Box Office",31.5,30-32m,30.0,32.0,30-32m,0,0,0,W60,0.771,0.771,0.05,0.00883,1.0,0.29702,0.28233,0.28233,0.26654,1,10.0,4574.04,,1
2026-08-14,"""PAW Patrol: The Dino Movie"" Opening Weekend Box Office",U1,A,682591,“PAW Patrol: The Dino Movie” Opening Weekend Box Office,20.0,20-25m,20.0,25.0,20-25m,0,0,0,NONE,,,,,,,,,,,,,,
2026-08-21,Spider-Man: Brand New Day,U2,D,872452,"""Spider-Man: Brand New Day"" 4th Weekend Box Office",39.0,38-41m,38.0,41.0,38-41m,0,1,0,W60,0.9499,0.9499,0.05,0.00238,1.0,0.05269,0.05006,0.05006,0.03964,1,148.2,5579.37,,2
2026-08-21,The Odyssey,U2,D,872451,"""The Odyssey"" 6th Weekend Box Office",19.5,18.5-20m,18.5,20.0,18.5-20m,0,1,0,NONE,,,,,,,,,,,,,,
2026-08-21,"""Insidious: Out of the Further"" Opening Weekend Box Office",U1,A,872461,“Insidious: Out of the Further” Opening Weekend Box Office,25.0,25-28m,25.0,28.0,25-28m,0,0,0,W60,0.31,0.31,0.05,0.01069,1.0,2.22581,2.11823,2.11823,2.02224,1,1.55,95.32,,1
2026-08-21,"""Insidious: Out of the Further"" Opening Weekend Box Office",U1,D,872461,“Insidious: Out of the Further” Opening Weekend Box Office,25.3,25-28m,25.0,28.0,25-28m,0,0,0,W60,0.6935,0.6717,0.05,0.01063,1.0,0.44202,0.42025,0.46462,0.40075,1,803.24,3967.05,,4
2026-08-28,Coyote vs. Acme,U1,D,913390,"""Coyote vs. Acme"" Opening Weekend Box Office",15.4,14-17m,14.0,17.0,14-17m,0,1,0,NONE,,,,,,,,,,,,,,
2026-08-28,Spider-Man: Brand New Day,U2,D,913392,"""Spider-Man: Brand New Day"" 5th Weekend Box Office",22.2,22-24m,22.0,24.0,22-24m,0,0,0,W60,0.8941,0.94,0.05,0.00473,1.0,0.11841,0.11252,0.06065,0.10076,1,76.24,857.36,,9
2026-08-28,The Dog Stars,U1,D,918337,"""The Dog Stars"" Opening Weekend Box Office",8.0,8-9m,8.0,9.0,<8m,1,0,0,NONE,,,,,,,,,,,,,,
2026-08-28,The Odyssey,U2,D,913391,"""The Odyssey"" 7th Weekend Box Office",14.3,13-14.5m,13.0,14.5,13-14.5m,0,0,0,EXT180,0.8493,0.84,0.05,0.0064,1.0,0.1774,0.1686,0.18103,0.15557,1,0,1336.14,,3
2026-09-04,By Any Means,U1,B,942923,"""By Any Means"" Opening Weekend Box Office",6.5,6-7m,6.0,7.0,7-8m,1,1,0,EXT180,0.3183,0.2822,0.05,0.01085,0.0,-1.0,-1.0,-1.0,-1.0,1,0,919.78,,8
2026-09-04,By Any Means,U1,C,942923,"""By Any Means"" Opening Weekend Box Office",7.0,7-8m,7.0,8.0,7-8m,0,0,0,W60,0.6243,0.63,0.05,0.01173,1.0,0.60175,0.57222,0.55847,0.54819,1,214.01,2275.07,0.989,5
2026-09-04,By Any Means,U1,D,942923,"""By Any Means"" Opening Weekend Box Office",7.4,7-8m,7.0,8.0,7-8m,0,1,0,W60,0.989,0.989,0.05,0.00054,1.0,0.01112,0.01057,0.01057,0.00095,0,15.0,214.0,,1
2026-09-04,Onslaught,U1,B,942922,"""Onslaught"" Opening Weekend Box Office",1.9,<2m,0.0,2.0,<2m,0,1,0,W60,0.7178,0.66,0.05,0.01013,1.0,0.39311,0.37372,0.48982,0.35552,1,190.66,1822.62,,4
2026-09-04,Onslaught,U1,C,942922,"""Onslaught"" Opening Weekend Box Office",2.0,2-3m,2.0,3.0,<2m,1,0,0,W60,0.18,0.18,0.05,0.00738,0.0,-1.0,-1.0,-1.0,-1.0,1,17.66,72.21,,2
2026-09-04,Spider-Man: Brand New Day,U2,B,956522,"""Spider-Man: Brand New Day"" 6th Weekend Box Office",16.7,15m+,15.0,inf,15m+,0,1,0,W60,0.988,0.988,0.05,0.00059,1.0,0.01215,0.01154,0.01154,0.0019,0,15.0,616.75,,1
2026-09-04,Spider-Man: Brand New Day,U2,C,956522,"""Spider-Man: Brand New Day"" 6th Weekend Box Office",17.25,15m+,15.0,inf,15m+,0,1,0,NONE,,,,,,,,,,,,,,
2026-09-04,Spider-Man: Brand New Day,U2,D,956522,"""Spider-Man: Brand New Day"" 6th Weekend Box Office",18.0,15m+,15.0,inf,15m+,0,1,0,NONE,,,,,,,,,,,,,,
2026-09-04,The Odyssey,U2,B,956521,"""The Odyssey"" 8th Weekend Box Office",11.5,11m+,11.0,inf,11m+,0,1,0,W60,0.978,0.978,0.05,0.00108,1.0,0.02249,0.02137,0.02137,0.01154,0,22.45,210.72,0.99,2
2026-09-04,The Odyssey,U2,C,956521,"""The Odyssey"" 8th Weekend Box Office",12.4,11m+,11.0,inf,11m+,0,1,0,W60,0.99,0.99,0.05,0.0005,1.0,0.0101,0.0096,0.0096,0.00095,0,16.86,186.5,,2
2026-09-04,The Odyssey,U2,D,956521,"""The Odyssey"" 8th Weekend Box Office",13.0,11m+,11.0,inf,11m+,0,1,0,NONE,,,,,,,,,,,,,,
2026-09-11,Hope,U1,B,994077,"""Hope"" Opening Weekend Box Office",3.6,<6m,0.0,6.0,<6m,0,1,0,W60,0.989,0.989,0.05,0.00054,1.0,0.01112,0.01057,0.01057,0.00095,0,30.0,1443.95,,2
2026-09-11,Practical Magic 2,U1,A,956493,"""Practical Magic 2"" Opening Weekend Box Office",35.0,<38m,0.0,38.0,<38m,0,1,0,EXT180,0.9593,0.9591,0.05,0.00195,1.0,0.04239,0.04028,0.04048,0.03006,0,0,1525.79,,2
2026-09-11,Practical Magic 2,U1,A,999376,"""Practical Magic 2"" Opening Weekend Box Office (Lower Strikes)",35.0,34-36m,34.0,36.0,<32m,1,1,0,NONE,,,,,,,,,,,,,,
2026-09-11,Practical Magic 2,U1,B,956493,"""Practical Magic 2"" Opening Weekend Box Office",30.0,<38m,0.0,38.0,<38m,0,1,0,EXT180,0.992,0.992,0.05,0.0004,1.0,0.00806,0.00765,0.00766,0.00095,0,0,1086.01,,2
2026-09-11,Practical Magic 2,U1,B,999376,"""Practical Magic 2"" Opening Weekend Box Office (Lower Strikes)",30.0,<32m,0.0,32.0,<32m,0,1,0,W60,0.9791,0.978,0.05,0.00102,1.0,0.02135,0.02028,0.02137,0.01047,0,27.32,1310.27,0.984,2
2026-09-11,Runner,U1,B,990714,"""Runner"" Opening Weekend Box Office",5.4,5-6m,5.0,6.0,6m+,1,1,0,NONE,,,,,,,,,,,,,,
2026-09-11,The Uprising,U1,B,990710,"""The Uprising"" Opening Weekend Box Office",3.0,<4.5m,0.0,4.5,<4.5m,0,1,0,W60,0.99,0.99,0.05,0.0005,1.0,0.0101,0.0096,0.0096,0.00095,0,7.92,7.92,,1
2026-09-18,Practical Magic 2,U2,C,1040096,"""Practical Magic 2"" 2nd Weekend Box Office",10.85,10-11m,10.0,11.0,12-13m,1,0,0,W60,0.1863,0.1863,0.05,0.00758,0.0,-1.0,-1.0,-1.0,-1.0,1,10.0,97.26,,1
2026-09-18,Practical Magic 2,U2,D,1040096,"""Practical Magic 2"" 2nd Weekend Box Office",12.1,12-13m,12.0,13.0,12-13m,0,0,0,EXT180,0.9596,0.9596,0.05,0.00194,1.0,0.04213,0.04003,0.04003,0.02982,0,0,3406.56,,1
2026-09-18,Resident Evil,U1,B,956520,"""Resident Evil"" Opening Weekend Box Office",50.0,50-55m,50.0,55.0,60-65m,1,0,0,EXT180,0.0155,0.0121,0.05,0.00076,0.0,-1.0,-1.0,-1.0,-1.0,1,0,17.76,,5
2026-09-18,Resident Evil,U1,B,1040095,"""Resident Evil"" Opening Weekend Box Office (Higher Brackets)",50.0,<70m,0.0,70.0,<70m,0,1,0,W60,0.97,0.97,0.05,0.00146,1.0,0.03093,0.02938,0.02938,0.01939,0,30.0,498.87,,2
2026-09-18,Resident Evil,U1,C,956520,"""Resident Evil"" Opening Weekend Box Office",56.5,55-60m,55.0,60.0,60-65m,1,1,0,W60,0.279,0.279,0.05,0.01006,0.0,-1.0,-1.0,-1.0,-1.0,1,32.25,3491.65,0.1488,3
2026-09-18,Resident Evil,U1,C,1040095,"""Resident Evil"" Opening Weekend Box Office (Higher Brackets)",56.5,<70m,0.0,70.0,<70m,0,1,0,NONE,,,,,,,,,,,,,,
2026-09-18,Resident Evil,U1,D,956520,"""Resident Evil"" Opening Weekend Box Office",60.0,60-65m,60.0,65.0,60-65m,0,0,0,W60,0.8176,0.85,0.05,0.00746,1.0,0.22311,0.21205,0.16771,0.198,1,186.92,4871.79,0.9973,6
2026-09-18,Resident Evil,U1,D,1040095,"""Resident Evil"" Opening Weekend Box Office (Higher Brackets)",60.0,<70m,0.0,70.0,<70m,0,1,0,NONE,,,,,,,,,,,,,,
2026-09-18,Spider-Man: Brand New Day,U2,B,1040097,"""Spider-Man: Brand New Day"" 8th Weekend Box Office",6.0,6m+,6.0,inf,6m+,0,0,0,W60,0.6189,0.6189,0.05,0.01179,1.0,0.61565,0.58544,0.58544,0.561,1,80.0,9008.42,,1
2026-09-18,Spider-Man: Brand New Day,U2,C,1040097,"""Spider-Man: Brand New Day"" 8th Weekend Box Office",6.3,6m+,6.0,inf,6m+,0,1,0,EXT180,0.9472,0.9469,0.05,0.0025,1.0,0.05572,0.05294,0.05333,0.04246,1,0,787.75,,3
2026-09-18,Spider-Man: Brand New Day,U2,D,1040097,"""Spider-Man: Brand New Day"" 8th Weekend Box Office",6.5,6m+,6.0,inf,6m+,0,1,0,NONE,,,,,,,,,,,,,,
2026-09-25,Avengers: Endgame Encore,U1,B,1071224,"""Avengers: Endgame Encore"" Opening Weekend Box Office",24.5,22-25m,22.0,25.0,25-28m,1,0,0,EXT180,0.5555,0.5555,0.05,0.01235,0.0,-1.0,-1.0,-1.0,-1.0,1,0,274.8,,1
2026-09-25,Avengers: Endgame Encore,U1,D,1071224,"""Avengers: Endgame Encore"" Opening Weekend Box Office",26.0,25-28m,25.0,28.0,25-28m,0,1,0,EXT180,0.95,0.95,0.05,0.00238,1.0,0.05263,0.05001,0.05001,0.03959,1,0,76.24,,1
2026-09-25,Forgotten Island,U1,B,1030970,"""Forgotten Island"" Opening Weekend Box Office",10.1,<13m,0.0,13.0,13-16m,1,1,0,EXT180,0.8866,0.9156,0.05,0.00503,0.0,-1.0,-1.0,-1.0,-1.0,1,0,2423.9,,11
2026-09-25,Forgotten Island,U1,D,1030970,"""Forgotten Island"" Opening Weekend Box Office",12.8,<13m,0.0,13.0,13-16m,1,0,0,W60,0.5238,0.6126,0.05,0.01247,0.0,-1.0,-1.0,-1.0,-1.0,1,39.82,1963.68,,4
2026-09-25,Heart of the Beast,U1,B,1030971,"""Heart of the Beast"" Opening Weekend Box Office",20.5,20-23m,20.0,23.0,20-23m,0,0,0,EXT180,0.4482,0.4132,0.05,0.01237,1.0,1.23104,1.17114,1.35121,1.1248,1,0,869.56,,22
2026-09-25,Heart of the Beast,U1,D,1030971,"""Heart of the Beast"" Opening Weekend Box Office",20.0,20-23m,20.0,23.0,20-23m,0,0,0,W60,0.264,0.26,0.05,0.00972,1.0,2.78788,2.65343,2.70892,2.52179,1,13.2,1447.19,,2
2026-09-25,Resident Evil,U2,B,1071223,"""Resident Evil"" 2nd Weekend Box Office",22.0,<26m,0.0,26.0,<26m,0,1,0,NONE,,,,,,,,,,,,,,
2026-09-25,Resident Evil,U2,D,1071223,"""Resident Evil"" 2nd Weekend Box Office",23.3,<26m,0.0,26.0,<26m,0,1,0,NONE,,,,,,,,,,,,,,
